{"type":"FeatureCollection","meta":{"pull_date":"2026-07-09"},"features":[{"type":"Feature","geometry":{"type":"Point","coordinates":[-91.22128,31.55765]},"properties":{"detloc":"ADAMSMS","name":"Adams County Correctional Center","address":"20 Hobo Forks Road, Natchez, MS 39120","bucket":"dedicated","type_detailed":"DIGSA","adp":1878,"male_crim":160,"male_non_crim":1718,"female_crim":0,"female_non_crim":0,"male_female":"Male","guaranteed_minimum":1436,"inspection_rating":"Pass","inspection_date":"2026-05-07","field_office":"New Orleans","aor":"NOL","match_method":"name"}},{"type":"Feature","geometry":{"type":"Point","coordinates":[-117.43887,34.55994]},"properties":{"detloc":"ADLNTCA","name":"Adelanto ICE Processing Center","address":"10400 Rancho Road, Adelanto, CA 92301","bucket":"dedicated","type_detailed":"CDF","adp":1686,"male_crim":624,"male_non_crim":801,"female_crim":29,"female_non_crim":233,"male_female":"Male","guaranteed_minimum":640,"inspection_rating":"Pass","inspection_date":"2025-09-18","field_office":"Los Angeles","aor":"LOS","match_method":"name"}},{"type":"Feature","geometry":{"type":"Point","coordinates":[-149.85687,61.21848]},"properties":{"detloc":"ANCHOAK","name":"Anchorage Correctional Complex","address":"1400 E Fourth Ave, Anchorage, AK 99501","bucket":"usms","type_detailed":"USMS IGA","adp":2,"male_crim":1,"male_non_crim":2,"female_crim":0,"female_non_crim":0,"male_female":"Male","guaranteed_minimum":null,"inspection_rating":"Pass","inspection_date":"2024-03-29","field_office":"Seattle","aor":"SEA","match_method":"name"}},{"type":"Feature","geometry":{"type":"Point","coordinates":[-92.78272,30.62357]},"properties":{"detloc":"APPSCLA","name":"Allen Parish Public Safety Complex","address":"7340 Highway 26 W, Oberlin, LA 70655","bucket":"county_jail","type_detailed":"IGSA","adp":118,"male_crim":39,"male_non_crim":80,"female_crim":0,"female_non_crim":0,"male_female":"Male","guaranteed_minimum":170,"inspection_rating":"Pass","inspection_date":"2026-03-26","field_office":"New Orleans","aor":"NOL","match_method":"name"}},{"type":"Feature","geometry":{"type":"Point","coordinates":[-82.12158,30.29585]},"properties":{"detloc":"BAKERFL","name":"Baker County Detention Center","address":"1 Sheriff's Office Drive, Macclenny, FL 32063","bucket":"county_jail","type_detailed":"IGSA","adp":271,"male_crim":63,"male_non_crim":105,"female_crim":28,"female_non_crim":75,"male_female":"Female/Male","guaranteed_minimum":250,"inspection_rating":"Pass","inspection_date":"Scheduled ","field_office":"Miami","aor":"MIA","match_method":"name"}},{"type":"Feature","geometry":{"type":"Point","coordinates":[-87.77481,30.88543]},"properties":{"detloc":"BALDWAL","name":"Baldwin County Cor. Center","address":"200 Hand Ave., Bay Minette, AL 36507","bucket":"usms","type_detailed":"USMS IGA","adp":20,"male_crim":2,"male_non_crim":16,"female_crim":0,"female_non_crim":1,"male_female":"Female/Male","guaranteed_minimum":null,"inspection_rating":"Fail","inspection_date":"2026-05-21","field_office":"New Orleans","aor":"NOL","match_method":"name"}},{"type":"Feature","geometry":{"type":"Point","coordinates":[-92.58122,30.48171]},"properties":{"detloc":"BASILLA","name":"South Louisiana ICE Processing Center","address":"3843 Stagg Ave, Basile, LA 70515","bucket":"dedicated","type_detailed":"DIGSA","adp":924,"male_crim":0,"male_non_crim":1,"female_crim":134,"female_non_crim":789,"male_female":"Female/Male","guaranteed_minimum":700,"inspection_rating":"Pass","inspection_date":"2026-03-19","field_office":"New Orleans","aor":"NOL","match_method":"name"}},{"type":"Feature","geometry":{"type":"Point","coordinates":[-99.88808,32.76765]},"properties":{"detloc":"BLBNATX","name":"Bluebonnet Detention Facility","address":"400 2nd Street, Anson, TX 79501","bucket":"dedicated","type_detailed":"DIGSA","adp":977,"male_crim":196,"male_non_crim":625,"female_crim":7,"female_non_crim":149,"male_female":"Female/Male","guaranteed_minimum":750,"inspection_rating":"Pass","inspection_date":"2024-12-12","field_office":"Dallas","aor":"DAL","match_method":"name"}},{"type":"Feature","geometry":{"type":"Point","coordinates":[-84.72846,39.03648]},"properties":{"detloc":"BOONEKY","name":"Boone County Jail","address":"3020 Conrad Lane, Burlington, KY 41005","bucket":"usms","type_detailed":"USMS IGA","adp":211,"male_crim":77,"male_non_crim":127,"female_crim":1,"female_non_crim":6,"male_female":"Female/Male","guaranteed_minimum":null,"inspection_rating":"Pass","inspection_date":"2024-11-21","field_office":"Chicago","aor":"CHI","match_method":"name"}},{"type":"Feature","geometry":{"type":"Point","coordinates":[-84.36794,33.71244]},"properties":{"detloc":"BOPATL","name":"FCI Atlanta","address":"601 Mcdonough Blvd Se, Atlanta, GA 30315","bucket":"federal_prison","type_detailed":"BOP","adp":106,"male_crim":47,"male_non_crim":59,"female_crim":0,"female_non_crim":0,"male_female":"Female/Male","guaranteed_minimum":null,"inspection_rating":null,"inspection_date":null,"field_office":"Atlanta","aor":"ATL","match_method":"name"}},{"type":"Feature","geometry":{"type":"Point","coordinates":[-71.13753,44.52185]},"properties":{"detloc":"BOPBER","name":"Federal Correctional Institution - Berlin, NH","address":"1 Success Loop Rd, Berlin, NH 03570","bucket":"federal_prison","type_detailed":"BOP","adp":157,"male_crim":28,"male_non_crim":129,"female_crim":0,"female_non_crim":0,"male_female":"Male","guaranteed_minimum":null,"inspection_rating":"Pass","inspection_date":"2026-07-09","field_office":"Boston","aor":"BOS","match_method":"alias"}},{"type":"Feature","geometry":{"type":"Point","coordinates":[-74.00398,40.66031]},"properties":{"detloc":"BOPBRO","name":"MDC Brooklyn","address":"80 29th Street, Brooklyn, NY 11232","bucket":"federal_prison","type_detailed":"BOP","adp":150,"male_crim":29,"male_non_crim":121,"female_crim":0,"female_non_crim":0,"male_female":"Female/Male","guaranteed_minimum":null,"inspection_rating":null,"inspection_date":null,"field_office":"New York City","aor":"NYC","match_method":"name"}},{"type":"Feature","geometry":{"type":"Point","coordinates":[-157.92831,21.33363]},"properties":{"detloc":"BOPHON","name":"Federal Detention Center, Honolulu (FDC Honolulu)","address":"351 Elliott Street, Honolulu, HI 96819","bucket":"federal_prison","type_detailed":"BOP","adp":64,"male_crim":17,"male_non_crim":37,"female_crim":0,"female_non_crim":10,"male_female":"Female/Male","guaranteed_minimum":null,"inspection_rating":null,"inspection_date":null,"field_office":"San Francisco","aor":"SFR","match_method":"name"}},{"type":"Feature","geometry":{"type":"Point","coordinates":[-76.91496,40.98668]},"properties":{"detloc":"BOPLEW","name":"FCI Lewisburg","address":"2400 Robert F. Miller Drive, Lewisburg, PA 17837","bucket":"federal_prison","type_detailed":"BOP","adp":89,"male_crim":58,"male_non_crim":31,"female_crim":0,"female_non_crim":0,"male_female":"Female/Male","guaranteed_minimum":null,"inspection_rating":null,"inspection_date":null,"field_office":"Philadelphia","aor":"PHI","match_method":"name"}},{"type":"Feature","geometry":{"type":"Point","coordinates":[-80.19313,25.77846]},"properties":{"detloc":"BOPMIM","name":"FDC Miami","address":"33 Ne 4th Street, Miami, FL 33132","bucket":"federal_prison","type_detailed":"BOP","adp":431,"male_crim":195,"male_non_crim":236,"female_crim":0,"female_non_crim":0,"male_female":"Female/Male","guaranteed_minimum":null,"inspection_rating":null,"inspection_date":null,"field_office":"Miami","aor":"MIA","match_method":"name"}},{"type":"Feature","geometry":{"type":"Point","coordinates":[-80.63152,41.13135]},"properties":{"detloc":"BOPNEO","name":"Northeast Ohio Correctional Center","address":"2240 Hubbard Road, Youngstown, OH 44505","bucket":"usms","type_detailed":"USMS IGA","adp":181,"male_crim":37,"male_non_crim":144,"female_crim":0,"female_non_crim":0,"male_female":"Male","guaranteed_minimum":null,"inspection_rating":null,"inspection_date":"Scheduled ","field_office":"Detroit","aor":"DET","match_method":"name"}},{"type":"Feature","geometry":{"type":"Point","coordinates":[-75.15205,39.95254]},"properties":{"detloc":"BOPPHL","name":"FDC Philadelphia","address":"700 Arch Street, Philadelphia, PA 19106","bucket":"federal_prison","type_detailed":"BOP","adp":81,"male_crim":11,"male_non_crim":70,"female_crim":0,"female_non_crim":0,"male_female":"Female/Male","guaranteed_minimum":null,"inspection_rating":null,"inspection_date":null,"field_office":"Philadelphia","aor":"PHI","match_method":"name"}},{"type":"Feature","geometry":{"type":"Point","coordinates":[-80.14209,26.11614]},"properties":{"detloc":"BROJAFL","name":"Broward County Jail","address":"555 Se 1st Avenue, Fort Lauderdale, FL 33301","bucket":"county_jail","type_detailed":"IGSA","adp":3,"male_crim":0,"male_non_crim":2,"female_crim":0,"female_non_crim":1,"male_female":"Female/Male","guaranteed_minimum":null,"inspection_rating":null,"inspection_date":null,"field_office":"Miami","aor":"MIA","match_method":"name"}},{"type":"Feature","geometry":{"type":"Point","coordinates":[-78.20212,43.02045]},"properties":{"detloc":"BTV","name":"Buffalo (Batavia) Service Processing Center","address":"4250 Federal Drive, Batavia, NY 14020","bucket":"dedicated","type_detailed":"SPC","adp":698,"male_crim":109,"male_non_crim":590,"female_crim":0,"female_non_crim":0,"male_female":"Male","guaranteed_minimum":650,"inspection_rating":"Pass","inspection_date":"2026-06-25","field_office":"Buffalo","aor":"BUF","match_method":"address"}},{"type":"Feature","geometry":{"type":"Point","coordinates":[-100.72638,46.79633]},"properties":{"detloc":"BURLEND","name":"Burleigh County Detention Center","address":"4000 Apple Creek Road, Bismarck, ND 58504","bucket":"usms","type_detailed":"USMS IGA","adp":12,"male_crim":1,"male_non_crim":10,"female_crim":0,"female_non_crim":1,"male_female":"Female/Male","guaranteed_minimum":null,"inspection_rating":null,"inspection_date":"Scheduled ","field_office":"St Paul","aor":"SPM","match_method":"name"}},{"type":"Feature","geometry":{"type":"Point","coordinates":[-84.55573,39.38791]},"properties":{"detloc":"BUTLEOH","name":"Butler County Sheriff\u2019s Office","address":"705 Hanover Street, Hamilton, OH 45011","bucket":"usms","type_detailed":"USMS IGA","adp":354,"male_crim":57,"male_non_crim":273,"female_crim":4,"female_non_crim":20,"male_female":"Female/Male","guaranteed_minimum":null,"inspection_rating":"Fail","inspection_date":"Scheduled ","field_office":"Detroit","aor":"DET","match_method":"name"}},{"type":"Feature","geometry":{"type":"Point","coordinates":[-119.00652,35.37932]},"properties":{"detloc":"CACFMES","name":"Mesa Verde ICE Processing Center","address":"425 Golden State Avenue, Bakersfield, CA 93301","bucket":"dedicated","type_detailed":"CDF","adp":344,"male_crim":79,"male_non_crim":264,"female_crim":0,"female_non_crim":0,"male_female":"Male","guaranteed_minimum":320,"inspection_rating":"Pass","inspection_date":"2025-04-17","field_office":"San Francisco","aor":"SFR","match_method":"name"}},{"type":"Feature","geometry":{"type":"Point","coordinates":[-111.86574,41.73712]},"properties":{"detloc":"CACHEUT","name":"Cache Co. Jail","address":"1225 West Valley View (200 North), Logan, UT 84321","bucket":"usms","type_detailed":"USMS IGA","adp":1,"male_crim":0,"male_non_crim":1,"female_crim":0,"female_non_crim":0,"male_female":"Female/Male","guaranteed_minimum":null,"inspection_rating":null,"inspection_date":null,"field_office":"Salt Lake City","aor":"SLC","match_method":"name"}},{"type":"Feature","geometry":{"type":"Point","coordinates":[-117.859,35.1529]},"properties":{"detloc":"CACTYCA","name":"California City Detention Facility","address":"22844 Virginia Boulevard, California City, CA 93505","bucket":"dedicated","type_detailed":"CDF","adp":1426,"male_crim":332,"male_non_crim":896,"female_crim":36,"female_non_crim":161,"male_female":"Female/Male","guaranteed_minimum":2560,"inspection_rating":"Pass","inspection_date":"2025-04-18","field_office":"San Francisco","aor":"SFR","match_method":"address"}},{"type":"Feature","geometry":{"type":"Point","coordinates":[-117.43676,34.5593]},"properties":{"detloc":"CADESVI","name":"Desert View Annex","address":"10450 Rancho Road, Adelanto, CA 92301","bucket":"dedicated","type_detailed":"CDF","adp":434,"male_crim":41,"male_non_crim":393,"female_crim":0,"female_non_crim":0,"male_female":"Male","guaranteed_minimum":480,"inspection_rating":"Pass","inspection_date":"2025-02-27","field_office":"Los Angeles","aor":"LOS","match_method":"name"}},{"type":"Feature","geometry":{"type":"Point","coordinates":[-85.17579,42.31641]},"properties":{"detloc":"CALHOMI","name":"Calhoun County Correctional Center","address":"185 E. Michigan Street, Battle Creek, MI 49014","bucket":"county_jail","type_detailed":"IGSA","adp":174,"male_crim":17,"male_non_crim":137,"female_crim":0,"female_non_crim":20,"male_female":"Female/Male","guaranteed_minimum":200,"inspection_rating":"Pass","inspection_date":"Scheduled ","field_office":"Detroit","aor":"DET","match_method":"name"}},{"type":"Feature","geometry":{"type":"Point","coordinates":[-78.70141,40.4844]},"properties":{"detloc":"CAMBRPA","name":"Cambria County Jail, Pa","address":"425 Manor Drive, Ebensburg, PA 15931","bucket":"usms","type_detailed":"USMS IGA","adp":51,"male_crim":8,"male_non_crim":28,"female_crim":1,"female_non_crim":13,"male_female":"Female/Male","guaranteed_minimum":null,"inspection_rating":"Pass","inspection_date":"2026-07-02","field_office":"Philadelphia","aor":"PHI","match_method":"address"}},{"type":"Feature","geometry":{"type":"Point","coordinates":[-77.26714,38.11158]},"properties":{"detloc":"CARDFVA","name":"Caroline Detention Facility","address":"11093 Sw Lewis Memorial Dr, Bowling Green, VA 22427","bucket":"dedicated","type_detailed":"DIGSA","adp":335,"male_crim":99,"male_non_crim":209,"female_crim":4,"female_non_crim":23,"male_female":"Female/Male","guaranteed_minimum":224,"inspection_rating":"Pass","inspection_date":"2026-02-12","field_office":"Washington","aor":"WAS","match_method":"name"}},{"type":"Feature","geometry":{"type":"Point","coordinates":[-111.36769,47.46905]},"properties":{"detloc":"CASCAMT","name":"Cascade County Jail, Mt","address":"3800 Ulm North Frontage Road, Great Falls, MT 59404","bucket":"usms","type_detailed":"USMS IGA","adp":4,"male_crim":1,"male_non_crim":3,"female_crim":0,"female_non_crim":0,"male_female":"Male","guaranteed_minimum":null,"inspection_rating":"Fail","inspection_date":"Scheduled ","field_office":"Salt Lake City","aor":"SLC","match_method":"name"}},{"type":"Feature","geometry":{"type":"Point","coordinates":[-95.88296,41.01179]},"properties":{"detloc":"CASSCNE","name":"Cass County Jail","address":"336 Main Street, Plattsmouth, NE 68048","bucket":"usms","type_detailed":"USMS IGA","adp":15,"male_crim":5,"male_non_crim":9,"female_crim":1,"female_non_crim":1,"male_female":"Female/Male","guaranteed_minimum":null,"inspection_rating":null,"inspection_date":null,"field_office":"St Paul","aor":"SPM","match_method":"name"}},{"type":"Feature","geometry":{"type":"Point","coordinates":[-97.7548,27.73672]},"properties":{"detloc":"CBENDTX","name":"Coastal Bend Detention Center","address":"4909 FM2826, Robstown, TX 78380","bucket":"usms","type_detailed":"USMS IGA","adp":50,"male_crim":7,"male_non_crim":29,"female_crim":3,"female_non_crim":11,"male_female":"Female/Male","guaranteed_minimum":null,"inspection_rating":"Pass","inspection_date":"2025-02-06","field_office":"Harlingen","aor":"HLG","match_method":"name"}},{"type":"Feature","geometry":{"type":"Point","coordinates":[-111.37177,33.04408]},"properties":{"detloc":"CCAFLAZ","name":"Central Arizona Florence Correctional Center","address":"1100 Bowling Road, Florence, AZ 85132","bucket":"usms","type_detailed":"USMS CDF","adp":499,"male_crim":181,"male_non_crim":318,"female_crim":0,"female_non_crim":0,"male_female":"Male","guaranteed_minimum":null,"inspection_rating":"Pass","inspection_date":"2024-12-12","field_office":"Phoenix","aor":"PHO","match_method":"name"}},{"type":"Feature","geometry":{"type":"Point","coordinates":[-97.41997,30.56496]},"properties":{"detloc":"CCAHUTX","name":"T. Don Hutto Detention Center","address":"1001 Welch Street, Taylor, TX 76574","bucket":"dedicated","type_detailed":"CDF","adp":443,"male_crim":94,"male_non_crim":349,"female_crim":0,"female_non_crim":0,"male_female":"Male","guaranteed_minimum":461,"inspection_rating":"Pending Final Report","inspection_date":"2026-07-09","field_office":"San Antonio","aor":"SNA","match_method":"name"}},{"type":"Feature","geometry":{"type":"Point","coordinates":[-116.91559,32.57584]},"properties":{"detloc":"CCASDCA","name":"Otay Mesa Detention Center","address":"7488 Calzada De La Fuente, San Diego, CA 92154","bucket":"dedicated","type_detailed":"CDF","adp":1231,"male_crim":190,"male_non_crim":832,"female_crim":14,"female_non_crim":196,"male_female":"Female/Male","guaranteed_minimum":750,"inspection_rating":"Pass","inspection_date":"2026-02-26","field_office":"San Diego","aor":"SND","match_method":"name"}},{"type":"Feature","geometry":{"type":"Point","coordinates":[-96.53843,38.36708]},"properties":{"detloc":"CHASEKS","name":"Chase County Jail","address":"301 South Walnut, Cottonwood Falls, KS 66845","bucket":"county_jail","type_detailed":"IGSA","adp":113,"male_crim":34,"male_non_crim":62,"female_crim":3,"female_non_crim":15,"male_female":"Female/Male","guaranteed_minimum":null,"inspection_rating":"Pass","inspection_date":"2025-03-13","field_office":"Chicago","aor":"CHI","match_method":"name"}},{"type":"Feature","geometry":{"type":"Point","coordinates":[-84.34561,46.49743]},"properties":{"detloc":"CHIPPMI","name":"Chippewa County Correctional Facility","address":"325 Court Street, Sault Sainte Marie, MI 49783","bucket":"county_jail","type_detailed":"IGSA","adp":34,"male_crim":4,"male_non_crim":29,"female_crim":0,"female_non_crim":0,"male_female":"Male","guaranteed_minimum":null,"inspection_rating":"Pass","inspection_date":"Scheduled ","field_office":"Detroit","aor":"DET","match_method":"name"}},{"type":"Feature","geometry":{"type":"Point","coordinates":[-87.49037,36.86781]},"properties":{"detloc":"CHRISKY","name":"Christian County Jail","address":"410 West 7th Street, Hopkinsville, KY 42240","bucket":"usms","type_detailed":"USMS IGA","adp":115,"male_crim":21,"male_non_crim":93,"female_crim":1,"female_non_crim":1,"male_female":"Female/Male","guaranteed_minimum":null,"inspection_rating":null,"inspection_date":"Scheduled ","field_office":"Chicago","aor":"CHI","match_method":"name"}},{"type":"Feature","geometry":{"type":"Point","coordinates":[-82.00683,26.91495]},"properties":{"detloc":"CHRLTFL","name":"Charlotte County Jail","address":"26601 Airport Rd, Punta Gorda, FL 33982","bucket":"county_jail","type_detailed":"IGSA","adp":3,"male_crim":0,"male_non_crim":3,"female_crim":0,"female_non_crim":0,"male_female":"Female/Male","guaranteed_minimum":null,"inspection_rating":null,"inspection_date":null,"field_office":"Miami","aor":"MIA","match_method":"name"}},{"type":"Feature","geometry":{"type":"Point","coordinates":[-107.90732,35.17995]},"properties":{"detloc":"CIBOCNM","name":"Cibola County Correctional Center","address":"2000 Cibola Loop, Milan, NM 87021","bucket":"county_jail","type_detailed":"IGSA","adp":222,"male_crim":28,"male_non_crim":195,"female_crim":0,"female_non_crim":0,"male_female":"Male","guaranteed_minimum":314,"inspection_rating":"Pass","inspection_date":"2025-02-27","field_office":"El Paso","aor":"ELP","match_method":"name"}},{"type":"Feature","geometry":{"type":"Point","coordinates":[-85.737,38.2774]},"properties":{"detloc":"CLARKIN","name":"Clark County Jail","address":"501 E Court Avenue Suite 159, Jeffersonville, IN 47130","bucket":"usms","type_detailed":"USMS IGA","adp":80,"male_crim":4,"male_non_crim":22,"female_crim":5,"female_non_crim":49,"male_female":"Female/Male","guaranteed_minimum":null,"inspection_rating":null,"inspection_date":"Scheduled ","field_office":"Chicago","aor":"CHI","match_method":"alias"}},{"type":"Feature","geometry":{"type":"Point","coordinates":[-87.11908,39.52373]},"properties":{"detloc":"CLAYCIN","name":"Clay County Jail","address":"611 East Jackson Street, Brazil, IN 47834","bucket":"usms","type_detailed":"USMS IGA","adp":247,"male_crim":46,"male_non_crim":200,"female_crim":0,"female_non_crim":1,"male_female":"Female/Male","guaranteed_minimum":null,"inspection_rating":"Pass","inspection_date":"Scheduled ","field_office":"Chicago","aor":"CHI","match_method":"name"}},{"type":"Feature","geometry":{"type":"Point","coordinates":[-77.34938,41.15114]},"properties":{"detloc":"CLINTPA","name":"Clinton County Correctional Facility","address":"58 Pine Mountain Road, Mcelhattan, PA 17748","bucket":"usms","type_detailed":"USMS IGA","adp":90,"male_crim":47,"male_non_crim":35,"female_crim":2,"female_non_crim":8,"male_female":"Female/Male","guaranteed_minimum":null,"inspection_rating":"Pass","inspection_date":"2025-01-16","field_office":"Philadelphia","aor":"PHI","match_method":"name"}},{"type":"Feature","geometry":{"type":"Point","coordinates":[-81.76343,26.1297]},"properties":{"detloc":"COLLIFL","name":"Collier County Sheriff","address":"3347 Tamiami Trail E, Naples, FL 34112","bucket":"county_jail","type_detailed":"IGSA","adp":47,"male_crim":11,"male_non_crim":30,"female_crim":1,"female_non_crim":6,"male_female":"Female/Male","guaranteed_minimum":null,"inspection_rating":"Pass","inspection_date":"2024-12-05","field_office":"Miami","aor":"MIA","match_method":"name"}},{"type":"Feature","geometry":{"type":"Point","coordinates":[-84.49675,39.08871]},"properties":{"detloc":"CPBDCKY","name":"Campbell County Detention Center","address":"601 Central Avenue, Newport, KY 41071","bucket":"usms","type_detailed":"USMS IGA","adp":139,"male_crim":21,"male_non_crim":86,"female_crim":3,"female_non_crim":29,"male_female":"Female/Male","guaranteed_minimum":null,"inspection_rating":"Pass","inspection_date":"2026-07-09","field_office":"Chicago","aor":"CHI","match_method":"alias"}},{"type":"Feature","geometry":{"type":"Point","coordinates":[-94.2053,46.35661]},"properties":{"detloc":"CROWGMN","name":"Crow Wing County Jail","address":"313 Laurel Street, Brainerd, MN 56401","bucket":"usms","type_detailed":"USMS IGA","adp":25,"male_crim":7,"male_non_crim":10,"female_crim":2,"female_non_crim":5,"male_female":"Female/Male","guaranteed_minimum":null,"inspection_rating":null,"inspection_date":"2026-03-12","field_office":"St Paul","aor":"SPM","match_method":"name"}},{"type":"Feature","geometry":{"type":"Point","coordinates":[-122.42169,47.24918]},"properties":{"detloc":"CSCNWWA","name":"Northwest ICE Processing Center (NWIPC)","address":"1623 E J Street, Suite 2, Tacoma, WA 98421","bucket":"dedicated","type_detailed":"CDF","adp":1174,"male_crim":310,"male_non_crim":743,"female_crim":25,"female_non_crim":96,"male_female":"Female/Male","guaranteed_minimum":1653,"inspection_rating":"Pass","inspection_date":"2026-06-04","field_office":"Seattle","aor":"SEA","match_method":"alias"}},{"type":"Feature","geometry":{"type":"Point","coordinates":[-119.22897,35.66816]},"properties":{"detloc":"CVANXCA","name":"Central Valley Annex","address":"254 Taylor Avenue, Mcfarland, CA 93250","bucket":"dedicated","type_detailed":"CDF","adp":84,"male_crim":17,"male_non_crim":67,"female_crim":0,"female_non_crim":0,"male_female":"Female/Male","guaranteed_minimum":560,"inspection_rating":"Pass","inspection_date":"2026-03-18","field_office":"San Francisco","aor":"SFR","match_method":"name"}},{"type":"Feature","geometry":{"type":"Point","coordinates":[-96.41979,42.41607]},"properties":{"detloc":"DAKOTNE","name":"Dakota County Sheriff Office","address":"1601 Broadway, Dakota City, NE 68731","bucket":"usms","type_detailed":"USMS IGA","adp":36,"male_crim":13,"male_non_crim":17,"female_crim":3,"female_non_crim":2,"male_female":"Female/Male","guaranteed_minimum":null,"inspection_rating":"Pass","inspection_date":"2024-12-07","field_office":"St Paul","aor":"SPM","match_method":"name"}},{"type":"Feature","geometry":{"type":"Point","coordinates":[-111.90416,40.98053]},"properties":{"detloc":"DAVISUT","name":"Davis Co. Jail","address":"800 West State Street, Farmington, UT 84025","bucket":"usms","type_detailed":"USMS IGA","adp":6,"male_crim":1,"male_non_crim":4,"female_crim":0,"female_non_crim":1,"male_female":"Female/Male","guaranteed_minimum":null,"inspection_rating":null,"inspection_date":null,"field_office":"Salt Lake City","aor":"SLC","match_method":"name"}},{"type":"Feature","geometry":{"type":"Point","coordinates":[-104.84918,39.76087]},"properties":{"detloc":"DENICDF","name":"Denver Contract Detention Facility (Aurora)","address":"3130 North Oakland Street, Aurora, CO 80010","bucket":"dedicated","type_detailed":"CDF","adp":1207,"male_crim":274,"male_non_crim":832,"female_crim":21,"female_non_crim":80,"male_female":"Female/Male","guaranteed_minimum":600,"inspection_rating":"Pass","inspection_date":"2025-02-13","field_office":"Denver","aor":"DEN","match_method":"name"}},{"type":"Feature","geometry":{"type":"Point","coordinates":[-74.12834,40.718]},"properties":{"detloc":"DHDFNJ","name":"Delaney Hall Detention Facility","address":"451 Doremus Avenue, Newark, NJ 07105","bucket":"dedicated","type_detailed":"CDF","adp":812,"male_crim":52,"male_non_crim":703,"female_crim":2,"female_non_crim":55,"male_female":"Female/Male","guaranteed_minimum":700,"inspection_rating":"Pass","inspection_date":"2025-08-28","field_office":"Newark","aor":"NEW","match_method":"name"}},{"type":"Feature","geometry":{"type":"Point","coordinates":[-99.20088,28.65845]},"properties":{"detloc":"DILLSAF","name":"Dilley Processing Single Female","address":"300 El Rancho Way, Dilley, TX 78017","bucket":"dedicated","type_detailed":"DIGSA","adp":212,"male_crim":0,"male_non_crim":0,"female_crim":9,"female_non_crim":204,"male_female":"Female","guaranteed_minimum":400,"inspection_rating":null,"inspection_date":"Scheduled ","field_office":"San Antonio","aor":"SNA","match_method":"address"}},{"type":"Feature","geometry":{"type":"Point","coordinates":[-88.70646,43.40726]},"properties":{"detloc":"DODGEWI","name":"Dodge Detention Facility","address":"216 W. Center Street, Juneau, WI 53039","bucket":"usms","type_detailed":"USMS IGA","adp":109,"male_crim":43,"male_non_crim":66,"female_crim":0,"female_non_crim":0,"male_female":"Female/Male","guaranteed_minimum":null,"inspection_rating":"Pass","inspection_date":"2025-04-03","field_office":"Chicago","aor":"CHI","match_method":"name"}},{"type":"Feature","geometry":{"type":"Point","coordinates":[-92.09839,46.72168]},"properties":{"detloc":"DOUGLWI","name":"Douglas County Jail","address":"1316 N 14th St, Superior, WI 54880","bucket":"usms","type_detailed":"USMS IGA","adp":24,"male_crim":4,"male_non_crim":16,"female_crim":0,"female_non_crim":4,"male_female":"Female/Male","guaranteed_minimum":null,"inspection_rating":null,"inspection_date":"Scheduled ","field_office":"Chicago","aor":"SPM","match_method":"name"}},{"type":"Feature","geometry":{"type":"Point","coordinates":[-87.07086,37.78675]},"properties":{"detloc":"DVCSDKY","name":"Daviess County Detention Center","address":"3337 Highway 144, Owensboro, KY 42303","bucket":"usms","type_detailed":"USMS IGA","adp":52,"male_crim":10,"male_non_crim":41,"female_crim":0,"female_non_crim":1,"male_female":"Female/Male","guaranteed_minimum":null,"inspection_rating":null,"inspection_date":"Scheduled ","field_office":"Chicago","aor":"CHI","match_method":"address"}},{"type":"Feature","geometry":{"type":"Point","coordinates":[-111.52238,32.8176]},"properties":{"detloc":"EAZ","name":"Eloy Detention Center","address":"1705 E Hanna Road, Eloy, AZ 85131","bucket":"dedicated","type_detailed":"DIGSA","adp":1285,"male_crim":185,"male_non_crim":630,"female_crim":78,"female_non_crim":391,"male_female":"Female/Male","guaranteed_minimum":900,"inspection_rating":"Pass","inspection_date":"2026-05-21","field_office":"Phoenix","aor":"PHO","match_method":"name"}},{"type":"Feature","geometry":{"type":"Point","coordinates":[-99.83448,31.21636]},"properties":{"detloc":"EDNDCTX","name":"Eden Detention Center","address":"704 E Broadway Street, Eden, TX 76837","bucket":"usms","type_detailed":"USMS IGA","adp":444,"male_crim":35,"male_non_crim":409,"female_crim":0,"female_non_crim":0,"male_female":"Male","guaranteed_minimum":null,"inspection_rating":"Pass","inspection_date":"2025-02-27","field_office":"Dallas","aor":"DAL","match_method":"name"}},{"type":"Feature","geometry":{"type":"Point","coordinates":[-97.91892,26.29458]},"properties":{"detloc":"EHDLGTX","name":"East Hidalgo Detention Center","address":"1300 E Hwy 107, La Villa, TX 78562","bucket":"usms","type_detailed":"USMS IGA","adp":4,"male_crim":4,"male_non_crim":0,"female_crim":0,"female_non_crim":0,"male_female":"Female/Male","guaranteed_minimum":null,"inspection_rating":"Pass","inspection_date":"2025-05-22","field_office":"Harlingen","aor":"HLG","match_method":"name"}},{"type":"Feature","geometry":{"type":"Point","coordinates":[-115.67318,43.13685]},"properties":{"detloc":"ELMORID","name":"Elmore County Detention Center (Elmore County Jail)","address":"2255 East 8th North, Mountain Home, ID 83647","bucket":"usms","type_detailed":"USMS IGA","adp":9,"male_crim":3,"male_non_crim":6,"female_crim":0,"female_non_crim":1,"male_female":"Female/Male","guaranteed_minimum":null,"inspection_rating":"Pass","inspection_date":"2025-08-20","field_office":"Salt Lake City","aor":"SLC","match_method":"name"}},{"type":"Feature","geometry":{"type":"Point","coordinates":[-97.76164,26.46728]},"properties":{"detloc":"ELVDFTX","name":"El Valle Detention Facility","address":"1800 Industrial Drive, Raymondville, TX 78580","bucket":"dedicated","type_detailed":"DIGSA","adp":868,"male_crim":133,"male_non_crim":406,"female_crim":23,"female_non_crim":305,"male_female":"Female/Male","guaranteed_minimum":600,"inspection_rating":"Pass","inspection_date":"2025-03-06","field_office":"Harlingen","aor":"HLG","match_method":"name"}},{"type":"Feature","geometry":{"type":"Point","coordinates":[-74.1888,40.66622]},"properties":{"detloc":"ELZICDF","name":"Elizabeth Contract Detention Facility","address":"625 Evans Street, Elizabeth, NJ 07201","bucket":"dedicated","type_detailed":"CDF","adp":282,"male_crim":52,"male_non_crim":192,"female_crim":4,"female_non_crim":35,"male_female":"Female/Male","guaranteed_minimum":328,"inspection_rating":"Pass","inspection_date":"2026-04-30","field_office":"Newark","aor":"NEW","match_method":"name"}},{"type":"Feature","geometry":{"type":"Point","coordinates":[-106.36921,31.79376]},"properties":{"detloc":"EPC","name":"El Paso Service Processing Center","address":"8915 Montana Avenue, El Paso, TX 79925","bucket":"dedicated","type_detailed":"SPC","adp":752,"male_crim":183,"male_non_crim":366,"female_crim":35,"female_non_crim":168,"male_female":"Female/Male","guaranteed_minimum":450,"inspection_rating":"Pass","inspection_date":"2025-02-13","field_office":"El Paso","aor":"ELP","match_method":"name"}},{"type":"Feature","geometry":{"type":"Point","coordinates":[-106.29812,31.81193]},"properties":{"detloc":"EROFCB","name":"ERO El Paso Camp East Montana","address":"6920 Digital Road, El Paso, TX 79936","bucket":"dedicated","type_detailed":"CDF","adp":2026,"male_crim":365,"male_non_crim":1447,"female_crim":18,"female_non_crim":195,"male_female":"Female/Male","guaranteed_minimum":5000,"inspection_rating":"Pass","inspection_date":"2026-02-12","field_office":"El Paso","aor":"ELP","match_method":"name"}},{"type":"Feature","geometry":{"type":"Point","coordinates":[-86.01249,34.01639]},"properties":{"detloc":"ETOWAAL","name":"Etowah County Jail (Al)","address":"827 Forrest Avenue, Gadsden, AL 35901","bucket":"usms","type_detailed":"USMS IGA","adp":78,"male_crim":12,"male_non_crim":56,"female_crim":1,"female_non_crim":9,"male_female":"Male","guaranteed_minimum":null,"inspection_rating":"Pass","inspection_date":"2025-02-11","field_office":"New Orleans","aor":"NOL","match_method":"address"}},{"type":"Feature","geometry":{"type":"Point","coordinates":[-84.54514,38.06563]},"properties":{"detloc":"FAYETKY","name":"Fayette County Detention Center","address":"600 Old Frankford Cr, Lexington, KY 40510","bucket":"usms","type_detailed":"USMS IGA","adp":3,"male_crim":1,"male_non_crim":2,"female_crim":0,"female_non_crim":0,"male_female":"Female/Male","guaranteed_minimum":null,"inspection_rating":"Pass","inspection_date":"2026-03-05","field_office":"Chicago","aor":"CHI","match_method":"name"}},{"type":"Feature","geometry":{"type":"Point","coordinates":[-81.98108,30.87126]},"properties":{"detloc":"FIPCAGA","name":"Folkston ICE Processing Center (Annex)","address":"3424 Hwy 252 E, Folkston, GA 31537","bucket":"dedicated","type_detailed":"DIGSA","adp":281,"male_crim":80,"male_non_crim":201,"female_crim":0,"female_non_crim":0,"male_female":"Male","guaranteed_minimum":338,"inspection_rating":"Pass","inspection_date":"2026-06-04","field_office":"Atlanta","aor":"ATL","match_method":"name"}},{"type":"Feature","geometry":{"type":"Point","coordinates":[-81.97934,30.87362]},"properties":{"detloc":"FIPCDGA","name":"Folkston D Ray ICE Processing Center","address":"3026 Hwy 252 E, Folkston, GA 31537","bucket":"dedicated","type_detailed":"DIGSA","adp":1252,"male_crim":245,"male_non_crim":1007,"female_crim":0,"female_non_crim":0,"male_female":"Male","guaranteed_minimum":1308,"inspection_rating":"Pass","inspection_date":"2026-06-04","field_office":"Atlanta","aor":"ATL","match_method":"alias"}},{"type":"Feature","geometry":{"type":"Point","coordinates":[-81.98235,30.8721]},"properties":{"detloc":"FIPCMGA","name":"Folkston ICE Processing Center (Main)","address":"3026 Hwy 252 E, Folkston, GA 31537","bucket":"dedicated","type_detailed":"DIGSA","adp":665,"male_crim":160,"male_non_crim":505,"female_crim":0,"female_non_crim":0,"male_female":"Male","guaranteed_minimum":544,"inspection_rating":"Pass","inspection_date":"06/04.2026","field_office":"Atlanta","aor":"ATL","match_method":"name"}},{"type":"Feature","geometry":{"type":"Point","coordinates":[-82.36717,30.21764]},"properties":{"detloc":"FLBAKCI","name":"Baker C. I.","address":"20706 FL-10, Sanderson, FL 32087","bucket":"county_jail","type_detailed":"STATE","adp":963,"male_crim":231,"male_non_crim":732,"female_crim":0,"female_non_crim":0,"male_female":"Male","guaranteed_minimum":null,"inspection_rating":null,"inspection_date":null,"field_office":"Miami","aor":"MIA","match_method":"alias"}},{"type":"Feature","geometry":{"type":"Point","coordinates":[-81.25616,29.45239]},"properties":{"detloc":"FLGLRFL","name":"Flagler County Detention Facility","address":"1002 Justice Ln, Bunnell, FL 32110","bucket":"county_jail","type_detailed":"IGSA","adp":47,"male_crim":0,"male_non_crim":0,"female_crim":2,"female_non_crim":45,"male_female":"Male","guaranteed_minimum":70,"inspection_rating":"Pass","inspection_date":"2026-01-13","field_office":"Miami","aor":"MIA","match_method":"name"}},{"type":"Feature","geometry":{"type":"Point","coordinates":[-111.38242,33.06421]},"properties":{"detloc":"FLO","name":"Florence Service Processing Center","address":"3250 N. Pinal Parkway, Florence, AZ 85132","bucket":"dedicated","type_detailed":"SPC","adp":338,"male_crim":53,"male_non_crim":279,"female_crim":0,"female_non_crim":5,"male_female":"Female/Male","guaranteed_minimum":392,"inspection_rating":"Pass","inspection_date":"2025-02-13","field_office":"Phoenix","aor":"PHO","match_method":"name"}},{"type":"Feature","geometry":{"type":"Point","coordinates":[-85.14154,34.28003]},"properties":{"detloc":"FLOYDGA","name":"Floyd County Jail","address":"2526 New Calhoun Hwy, Rome, GA 30161","bucket":"usms","type_detailed":"USMS IGA","adp":2,"male_crim":0,"male_non_crim":1,"female_crim":0,"female_non_crim":0,"male_female":"Female/Male","guaranteed_minimum":null,"inspection_rating":"Pass","inspection_date":"2025-12-25","field_office":"Atlanta","aor":"ATL","match_method":"name"}},{"type":"Feature","geometry":{"type":"Point","coordinates":[-77.64437,40.00174]},"properties":{"detloc":"FRANKPA","name":"Franklin County Jail","address":"1804 Opportunity Avenue, Chambersburg, PA 17201","bucket":"usms","type_detailed":"USMS IGA","adp":1,"male_crim":0,"male_non_crim":1,"female_crim":0,"female_non_crim":0,"male_female":null,"guaranteed_minimum":null,"inspection_rating":null,"inspection_date":"Scheduled ","field_office":"Philadelphia","aor":"PHI","match_method":"name"}},{"type":"Feature","geometry":{"type":"Point","coordinates":[-93.3681,43.646]},"properties":{"detloc":"FREEBMN","name":"Freeborn County Jail Services","address":"411 S. Broadway Avenue, Albert Lea, MN 56007","bucket":"county_jail","type_detailed":"IGSA","adp":66,"male_crim":29,"male_non_crim":38,"female_crim":0,"female_non_crim":0,"male_female":"Male","guaranteed_minimum":null,"inspection_rating":"Pass","inspection_date":"2025-03-06","field_office":"St Paul","aor":"SPM","match_method":"name"}},{"type":"Feature","geometry":{"type":"Point","coordinates":[-78.44093,37.32058]},"properties":{"detloc":"FRMVLVA","name":"Farmville Detention Center","address":"508 Waterworks Road, Farmville, VA 23901","bucket":"dedicated","type_detailed":"DIGSA","adp":669,"male_crim":170,"male_non_crim":498,"female_crim":0,"female_non_crim":0,"male_female":"Male","guaranteed_minimum":459,"inspection_rating":"Pass","inspection_date":"2026-04-23","field_office":"Washington","aor":"WAS","match_method":"name"}},{"type":"Feature","geometry":{"type":"Point","coordinates":[-111.38051,33.06411]},"properties":{"detloc":"FSF","name":"Florence Staging Facility","address":"3250 North Pinal Parkway, Florence, AZ 85132","bucket":"dedicated","type_detailed":"STAGING","adp":362,"male_crim":81,"male_non_crim":262,"female_crim":2,"female_non_crim":17,"male_female":"Male","guaranteed_minimum":null,"inspection_rating":"Pass","inspection_date":"2024-06-13","field_office":"Phoenix","aor":"PHO","match_method":"name"}},{"type":"Feature","geometry":{"type":"Point","coordinates":[-86.23201,41.05192]},"properties":{"detloc":"FULCJIN","name":"Fulton Co Jail Indiana","address":"2006 Sweetgum Rd, Rochester, IN 46975","bucket":"usms","type_detailed":"USMS IGA","adp":8,"male_crim":2,"male_non_crim":5,"female_crim":0,"female_non_crim":1,"male_female":"Female/Male","guaranteed_minimum":null,"inspection_rating":null,"inspection_date":"Scheduled ","field_office":"Chicago","aor":"CHI","match_method":"name"}},{"type":"Feature","geometry":{"type":"Point","coordinates":[-97.22216,34.74064]},"properties":{"detloc":"GARVIOK","name":"Garvin County Jail","address":"201 West Grant Avenue, Pauls Valley, OK 73075","bucket":"county_jail","type_detailed":"IGSA","adp":1,"male_crim":0,"male_non_crim":1,"female_crim":0,"female_non_crim":0,"male_female":"Female/Male","guaranteed_minimum":null,"inspection_rating":"Pass","inspection_date":"2025-08-14","field_office":"Dallas","aor":"DAL","match_method":"name"}},{"type":"Feature","geometry":{"type":"Point","coordinates":[-81.19159,41.50465]},"properties":{"detloc":"GEAUGOH","name":"Geauga County Safety Center","address":"12450 Merritt Road, Chardon, OH 44024","bucket":"usms","type_detailed":"USMS IGA","adp":17,"male_crim":2,"male_non_crim":9,"female_crim":1,"female_non_crim":5,"male_female":"Female/Male","guaranteed_minimum":null,"inspection_rating":"Pass","inspection_date":"2025-01-30","field_office":"Detroit","aor":"DET","match_method":"name"}},{"type":"Feature","geometry":{"type":"Point","coordinates":[-97.05764,47.93549]},"properties":{"detloc":"GFCORND","name":"Grand Forks County Correctional Center","address":"1701 N Washington St, Grand Forks, ND 58203","bucket":"usms","type_detailed":"USMS IGA","adp":19,"male_crim":4,"male_non_crim":12,"female_crim":1,"female_non_crim":2,"male_female":"Female/Male","guaranteed_minimum":null,"inspection_rating":"Pass","inspection_date":"2026-03-19","field_office":"St Paul","aor":"SPM","match_method":"name"}},{"type":"Feature","geometry":{"type":"Point","coordinates":[-81.12479,26.83875]},"properties":{"detloc":"GLADEFL","name":"Glades County Detention Center","address":"1297 East Sr 78, Moore Haven, FL 33471","bucket":"county_jail","type_detailed":"IGSA","adp":474,"male_crim":43,"male_non_crim":431,"female_crim":0,"female_non_crim":0,"male_female":"Female/Male","guaranteed_minimum":500,"inspection_rating":"Pass","inspection_date":"2026-03-05","field_office":"Miami","aor":"MIA","match_method":"name"}},{"type":"Feature","geometry":{"type":"Point","coordinates":[-119.22781,35.6699]},"properties":{"detloc":"GLDSACA","name":"Golden State Annex","address":"611 Frontage Road, Mcfarland, CA 93250","bucket":"dedicated","type_detailed":"CDF","adp":597,"male_crim":226,"male_non_crim":370,"female_crim":0,"female_non_crim":0,"male_female":"Male","guaranteed_minimum":560,"inspection_rating":"Pass","inspection_date":"2025-01-30","field_office":"San Francisco","aor":"SFR","match_method":"name"}},{"type":"Feature","geometry":{"type":"Point","coordinates":[-86.27021,37.48915]},"properties":{"detloc":"GRAYSKY","name":"Grayson County Detention Center","address":"320 Shaw Station Road, Leitchfield, KY 42754","bucket":"usms","type_detailed":"USMS IGA","adp":160,"male_crim":4,"male_non_crim":6,"female_crim":24,"female_non_crim":127,"male_female":"Female/Male","guaranteed_minimum":null,"inspection_rating":"Pass","inspection_date":"2025-07-23","field_office":"Chicago","aor":"CHI","match_method":"name"}},{"type":"Feature","geometry":{"type":"Point","coordinates":[-93.38645,37.2247]},"properties":{"detloc":"GREENMO","name":"Greene County Jail","address":"1199 N Haseltine Road, Springfield, MO 65802","bucket":"usms","type_detailed":"USMS IGA","adp":254,"male_crim":46,"male_non_crim":179,"female_crim":5,"female_non_crim":24,"male_female":"Female/Male","guaranteed_minimum":null,"inspection_rating":"Pass","inspection_date":"2026-05-07","field_office":"Chicago","aor":"CHI","match_method":"name"}},{"type":"Feature","geometry":{"type":"Point","coordinates":[144.75012,13.47438]},"properties":{"detloc":"GUDOCHG","name":"Guam Department of Corrections, Hagatna Detention Facility","address":"211 Aspinall Ave, Hagatna, GU 96910","bucket":"usms","type_detailed":"USMS IGA","adp":19,"male_crim":6,"male_non_crim":12,"female_crim":0,"female_non_crim":1,"male_female":"Male","guaranteed_minimum":null,"inspection_rating":"Pass","inspection_date":"2024-03-14","field_office":"San Francisco","aor":"SFR","match_method":"name"}},{"type":"Feature","geometry":{"type":"Point","coordinates":[-93.09753,42.36008]},"properties":{"detloc":"HARDJIA","name":"Hardin County Jail","address":"1116 14th Avenue, Eldora, IA 50627","bucket":"usms","type_detailed":"USMS IGA","adp":44,"male_crim":21,"male_non_crim":22,"female_crim":1,"female_non_crim":1,"male_female":"Female/Male","guaranteed_minimum":null,"inspection_rating":"Pass","inspection_date":"Scheduled ","field_office":"St Paul","aor":"SPM","match_method":"name"}},{"type":"Feature","geometry":{"type":"Point","coordinates":[-98.32841,40.92663]},"properties":{"detloc":"HASHENE","name":"Hall County Sheriff","address":"110 Public Safety Drive, Grand Island, NE 68801","bucket":"usms","type_detailed":"USMS IGA","adp":12,"male_crim":5,"male_non_crim":6,"female_crim":0,"female_non_crim":0,"male_female":"Female/Male","guaranteed_minimum":null,"inspection_rating":"Pass","inspection_date":"Scheduled ","field_office":"St Paul","aor":"SPM","match_method":"name"}},{"type":"Feature","geometry":{"type":"Point","coordinates":[-89.47652,30.30312]},"properties":{"detloc":"HCPSCMS","name":"Hancock Co Pub Sfty Cplx","address":"8450 Highway 90, Bay Saint Louis, MS 39520","bucket":"county_jail","type_detailed":"IGSA","adp":27,"male_crim":3,"male_non_crim":20,"female_crim":0,"female_non_crim":3,"male_female":"Female/Male","guaranteed_minimum":null,"inspection_rating":"Pass","inspection_date":"Scheduled ","field_office":"New Orleans","aor":"NOL","match_method":"address"}},{"type":"Feature","geometry":{"type":"Point","coordinates":[-114.97947,36.03059]},"properties":{"detloc":"HENDENV","name":"Henderson Detention Center","address":"18 E. Basic Road, Henderson, NV 89015","bucket":"usms","type_detailed":"USMS IGA","adp":86,"male_crim":22,"male_non_crim":44,"female_crim":4,"female_non_crim":16,"male_female":"Female/Male","guaranteed_minimum":null,"inspection_rating":"Pass","inspection_date":"2024-03-21","field_office":"Salt Lake City","aor":"SLC","match_method":"name"}},{"type":"Feature","geometry":{"type":"Point","coordinates":[-95.31222,29.95054]},"properties":{"detloc":"HOUICDF","name":"Houston Contract Detention Facility","address":"15850 Export Plaza Drive, Houston, TX 77032","bucket":"dedicated","type_detailed":"CDF","adp":832,"male_crim":140,"male_non_crim":403,"female_crim":38,"female_non_crim":252,"male_female":"Female/Male","guaranteed_minimum":750,"inspection_rating":"Pass","inspection_date":"2026-06-11","field_office":"Houston","aor":"HOU","match_method":"name"}},{"type":"Feature","geometry":{"type":"Point","coordinates":[-87.53993,37.3376]},"properties":{"detloc":"HPKNSKY","name":"Hopkins County Jail","address":"2250 Laffoon Trl, Madisonville, KY 42431","bucket":"usms","type_detailed":"USMS IGA","adp":178,"male_crim":30,"male_non_crim":146,"female_crim":1,"female_non_crim":2,"male_female":"Female/Male","guaranteed_minimum":null,"inspection_rating":null,"inspection_date":"Scheduled ","field_office":"Chicago","aor":"CHI","match_method":"name"}},{"type":"Feature","geometry":{"type":"Point","coordinates":[-86.13148,40.64428]},"properties":{"detloc":"INMIAMI","name":"Miami Correctional Facility (MCF)","address":"3038 West 850s, Bunker Hill, IN 46914","bucket":"county_jail","type_detailed":"IGSA","adp":504,"male_crim":292,"male_non_crim":212,"female_crim":0,"female_non_crim":0,"male_female":"Male","guaranteed_minimum":null,"inspection_rating":"Pass","inspection_date":"Scheduled ","field_office":"Chicago","aor":"CHI","match_method":"alias"}},{"type":"Feature","geometry":{"type":"Point","coordinates":[-115.39788,32.69075]},"properties":{"detloc":"IRADFCA","name":"Imperial Regional Detention Facility","address":"1572 Gateway Road, Calexico, CA 92231","bucket":"dedicated","type_detailed":"CDF","adp":611,"male_crim":86,"male_non_crim":469,"female_crim":3,"female_non_crim":52,"male_female":"Female/Male","guaranteed_minimum":640,"inspection_rating":"Pass","inspection_date":"2025-01-16","field_office":"San Diego","aor":"SND","match_method":"name"}},{"type":"Feature","geometry":{"type":"Point","coordinates":[-83.25533,31.57993]},"properties":{"detloc":"IRWINGA","name":"Irwin County Detention Center","address":"132 Cotton Drive, Ocilla, GA 31774","bucket":"usms","type_detailed":"USMS IGA","adp":213,"male_crim":44,"male_non_crim":155,"female_crim":1,"female_non_crim":13,"male_female":"Female/Male","guaranteed_minimum":null,"inspection_rating":null,"inspection_date":"2026-03-24","field_office":"Atlanta","aor":"ATL","match_method":"name"}},{"type":"Feature","geometry":{"type":"Point","coordinates":[-95.44828,30.3358]},"properties":{"detloc":"JCRLYTX","name":"Joe Corley Processing Center","address":"500 Hilbig Road, Conroe, TX 77301","bucket":"county_jail","type_detailed":"IGSA","adp":862,"male_crim":138,"male_non_crim":724,"female_crim":0,"female_non_crim":0,"male_female":"Male","guaranteed_minimum":null,"inspection_rating":"Pass","inspection_date":"2024-12-19","field_office":"Houston","aor":"HOU","match_method":"name"}},{"type":"Feature","geometry":{"type":"Point","coordinates":[-111.9112,43.67345]},"properties":{"detloc":"JEFFEID","name":"Jefferson County Jail","address":"200 Courthouse Way, Rigby, ID 83442","bucket":"county_jail","type_detailed":"IGSA","adp":7,"male_crim":1,"male_non_crim":5,"female_crim":0,"female_non_crim":0,"male_female":"Female/Male","guaranteed_minimum":null,"inspection_rating":"Pass","inspection_date":"2024-07-18","field_office":"Salt Lake City","aor":"SLC","match_method":"name"}},{"type":"Feature","geometry":{"type":"Point","coordinates":[-92.15344,31.7082]},"properties":{"detloc":"JENADLA","name":"Central Louisiana ICE Processing Center","address":"830 Pinehill Road, Jena, LA 71342","bucket":"county_jail","type_detailed":"IGSA","adp":1169,"male_crim":238,"male_non_crim":931,"female_crim":0,"female_non_crim":0,"male_female":"Male","guaranteed_minimum":1170,"inspection_rating":"Pass","inspection_date":"2026-01-08","field_office":"New Orleans","aor":"NOL","match_method":"address"}},{"type":"Feature","geometry":{"type":"Point","coordinates":[-92.53649,31.31756]},"properties":{"detloc":"JENATLA","name":"Alexandria Staging Facility","address":"96 George Thompson Dr., Alexandria, LA 71303","bucket":"dedicated","type_detailed":"STAGING","adp":391,"male_crim":86,"male_non_crim":303,"female_crim":0,"female_non_crim":1,"male_female":"Male","guaranteed_minimum":null,"inspection_rating":"Pass","inspection_date":"2025-02-27","field_office":"New Orleans","aor":"NOL","match_method":"name"}},{"type":"Feature","geometry":{"type":"Point","coordinates":[-92.71586,32.21525]},"properties":{"detloc":"JKPCCLA","name":"Jackson Parish Correctional Center","address":"327 Industrial Drive, Jonesboro, LA 71251","bucket":"county_jail","type_detailed":"IGSA","adp":1141,"male_crim":164,"male_non_crim":978,"female_crim":0,"female_non_crim":0,"male_female":"Male","guaranteed_minimum":500,"inspection_rating":"Pass","inspection_date":"2026-01-30","field_office":"New Orleans","aor":"NOL","match_method":"name"}},{"type":"Feature","geometry":{"type":"Point","coordinates":[-95.01397,45.14587]},"properties":{"detloc":"KANDIMN","name":"Kandiyohi County Jail","address":"2201 23rd St. Ne, Willmar, MN 56201","bucket":"county_jail","type_detailed":"IGSA","adp":105,"male_crim":36,"male_non_crim":62,"female_crim":2,"female_non_crim":5,"male_female":"Female/Male","guaranteed_minimum":null,"inspection_rating":"Pass","inspection_date":"2025-03-13","field_office":"St Paul","aor":"SPM","match_method":"name"}},{"type":"Feature","geometry":{"type":"Point","coordinates":[-97.91519,28.88474]},"properties":{"detloc":"KCCDCTX","name":"Karnes County Civil Det. Facility","address":"409 Fm 1144, Karnes City, TX 78118","bucket":"dedicated","type_detailed":"DIGSA","adp":1076,"male_crim":29,"male_non_crim":759,"female_crim":22,"female_non_crim":266,"male_female":"Female/Male","guaranteed_minimum":928,"inspection_rating":"Pass","inspection_date":"2026-04-23","field_office":"San Antonio","aor":"SNA","match_method":"address"}},{"type":"Feature","geometry":{"type":"Point","coordinates":[-97.06958,36.86793]},"properties":{"detloc":"KCOJFOK","name":"Kay County Detention Center","address":"1101 West Dry Road, Newkirk, OK 74647","bucket":"county_jail","type_detailed":"IGSA","adp":129,"male_crim":42,"male_non_crim":87,"female_crim":0,"female_non_crim":0,"male_female":"Female/Male","guaranteed_minimum":null,"inspection_rating":"Pass","inspection_date":"2025-03-06","field_office":"Dallas","aor":"CHI","match_method":"name"}},{"type":"Feature","geometry":{"type":"Point","coordinates":[-84.53051,39.00247]},"properties":{"detloc":"KENTOKY","name":"Kenton County Detention Center","address":"3000 Decker Crane Lane, Covington, KY 41017","bucket":"usms","type_detailed":"USMS IGA","adp":130,"male_crim":32,"male_non_crim":97,"female_crim":0,"female_non_crim":0,"male_female":"Male","guaranteed_minimum":null,"inspection_rating":"Pass","inspection_date":"2026-07-09","field_office":"Chicago","aor":"CHI","match_method":"name"}},{"type":"Feature","geometry":{"type":"Point","coordinates":[-83.84114,36.08502]},"properties":{"detloc":"KNXDFTN","name":"Knox County Detention Facility","address":"5001 Maloneyville Rd, Knoxville, TN 37918","bucket":"usms","type_detailed":"USMS IGA","adp":30,"male_crim":5,"male_non_crim":19,"female_crim":1,"female_non_crim":5,"male_female":"Female/Male","guaranteed_minimum":null,"inspection_rating":"Pass","inspection_date":"Scheduled ","field_office":"New Orleans","aor":"NOL","match_method":"name"}},{"type":"Feature","geometry":{"type":"Point","coordinates":[-80.48912,25.75414]},"properties":{"detloc":"KRO","name":"Krome North Service Processing Center","address":"18201 Sw 12th Street, Miami, FL 33194","bucket":"dedicated","type_detailed":"SPC","adp":843,"male_crim":377,"male_non_crim":467,"female_crim":0,"female_non_crim":0,"male_female":"Male","guaranteed_minimum":450,"inspection_rating":"Pass","inspection_date":"2025-05-01","field_office":"Miami","aor":"MIA","match_method":"name"}},{"type":"Feature","geometry":{"type":"Point","coordinates":[-92.02141,30.22352]},"properties":{"detloc":"LAFAYLA","name":"Lafayette Parish So Jail Annex","address":"916 Lafayette Street, Lafayette, LA 70501","bucket":"county_jail","type_detailed":"IGSA","adp":3,"male_crim":0,"male_non_crim":2,"female_crim":0,"female_non_crim":0,"male_female":"Female/Male","guaranteed_minimum":96,"inspection_rating":"Pass","inspection_date":"2025-11-04","field_office":"New Orleans","aor":"NOL","match_method":"name"}},{"type":"Feature","geometry":{"type":"Point","coordinates":[-114.2901,34.1459]},"properties":{"detloc":"LAPAZAZ","name":"La Paz County Adult Det. Fac.","address":"1109 W Arizona Ave, Parker, AZ 85344","bucket":"usms","type_detailed":"USMS IGA","adp":1,"male_crim":0,"male_non_crim":1,"female_crim":0,"female_non_crim":0,"male_female":"Female/Male","guaranteed_minimum":null,"inspection_rating":"Pass","inspection_date":"2024-08-01","field_office":"Phoenix","aor":"PHO","match_method":"name"}},{"type":"Feature","geometry":{"type":"Point","coordinates":[-104.81986,41.13495]},"properties":{"detloc":"LARCOWY","name":"Laramie County Jail","address":"1910 Pioneer Avenue, Cheyenne, WY 82001","bucket":"usms","type_detailed":"USMS IGA","adp":4,"male_crim":1,"male_non_crim":4,"female_crim":0,"female_non_crim":0,"male_female":"Female/Male","guaranteed_minimum":null,"inspection_rating":null,"inspection_date":null,"field_office":"Denver","aor":"DEN","match_method":"name"}},{"type":"Feature","geometry":{"type":"Point","coordinates":[-92.78139,31.85046]},"properties":{"detloc":"LAWINCI","name":"Winn Correctional Center","address":"180 Cca Blvd, Winnfield, LA 71483","bucket":"dedicated","type_detailed":"DIGSA","adp":1498,"male_crim":343,"male_non_crim":1155,"female_crim":0,"female_non_crim":0,"male_female":"Male","guaranteed_minimum":946,"inspection_rating":"Pass","inspection_date":"2026-01-15","field_office":"New Orleans","aor":"NOL","match_method":"name"}},{"type":"Feature","geometry":{"type":"Point","coordinates":[-103.71192,44.39683]},"properties":{"detloc":"LAWRESD","name":"Lawrence Co. Jail, Sd","address":"50 Tatanka Dr, Deadwood, SD 57732","bucket":"usms","type_detailed":"USMS IGA","adp":10,"male_crim":1,"male_non_crim":9,"female_crim":0,"female_non_crim":0,"male_female":"Female/Male","guaranteed_minimum":null,"inspection_rating":null,"inspection_date":null,"field_office":"St Paul","aor":"SPM","match_method":"name"}},{"type":"Feature","geometry":{"type":"Point","coordinates":[-84.96869,30.43398]},"properties":{"detloc":"LBRTYFL","name":"Liberty County Sheriff\u2019s Office","address":"12422 NW Revell Road, Bristol, FL 32321","bucket":"county_jail","type_detailed":"IGSA","adp":40,"male_crim":6,"male_non_crim":34,"female_crim":0,"female_non_crim":0,"male_female":"Male","guaranteed_minimum":70,"inspection_rating":"Pass","inspection_date":"2026-01-13","field_office":"Miami","aor":"MIA","match_method":"alias"}},{"type":"Feature","geometry":{"type":"Point","coordinates":[-81.25045,33.97926]},"properties":{"detloc":"LEXINSC","name":"Lexington County Jail","address":"521 Gibson Road, Lexington, SC 29072","bucket":"usms","type_detailed":"USMS IGA","adp":6,"male_crim":1,"male_non_crim":3,"female_crim":0,"female_non_crim":2,"male_female":"Female/Male","guaranteed_minimum":null,"inspection_rating":"Pass","inspection_date":"Scheduled ","field_office":"Atlanta","aor":"ATL","match_method":"name"}},{"type":"Feature","geometry":{"type":"Point","coordinates":[-91.56848,30.94061]},"properties":{"detloc":"LICEPLA","name":"Louisiana ICE Processing Center","address":"17544 Tunica Trace, Angola, LA 70712","bucket":"county_jail","type_detailed":"IGSA","adp":176,"male_crim":148,"male_non_crim":28,"female_crim":0,"female_non_crim":0,"male_female":"Male","guaranteed_minimum":208,"inspection_rating":null,"inspection_date":null,"field_office":"New Orleans","aor":"NOL","match_method":"alias"}},{"type":"Feature","geometry":{"type":"Point","coordinates":[-96.50657,31.52584]},"properties":{"detloc":"LIMESTX","name":"Limestone County Detention Center","address":"910 North Tyus Street, Groesbeck, TX 76642","bucket":"usms","type_detailed":"USMS IGA","adp":239,"male_crim":35,"male_non_crim":204,"female_crim":0,"female_non_crim":0,"male_female":"Male","guaranteed_minimum":null,"inspection_rating":"Pass","inspection_date":"2025-03-27","field_office":"Houston","aor":"HOU","match_method":"name"}},{"type":"Feature","geometry":{"type":"Point","coordinates":[-100.764,41.13569]},"properties":{"detloc":"LINCONE","name":"Lincoln County Detention Center","address":"302 N Jeffers Street, North Platte, NE 69101","bucket":"usms","type_detailed":"USMS IGA","adp":36,"male_crim":19,"male_non_crim":12,"female_crim":2,"female_non_crim":3,"male_female":"Female/Male","guaranteed_minimum":null,"inspection_rating":null,"inspection_date":"Scheduled ","field_office":"St Paul","aor":"SPM","match_method":"name"}},{"type":"Feature","geometry":{"type":"Point","coordinates":[-91.66921,41.97465]},"properties":{"detloc":"LINNJIA","name":"Linn County Jail","address":"53 3rd Avenue Bridge, Cedar Rapids, IA 52401","bucket":"usms","type_detailed":"USMS IGA","adp":48,"male_crim":16,"male_non_crim":27,"female_crim":2,"female_non_crim":4,"male_female":"Female/Male","guaranteed_minimum":null,"inspection_rating":"Pass","inspection_date":"2026-06-02","field_office":"St Paul","aor":"SPM","match_method":"name"}},{"type":"Feature","geometry":{"type":"Point","coordinates":[-97.42236,35.87625]},"properties":{"detloc":"LOGANOK","name":"Logan County Jail","address":"216 S Broad St, Guthrie, OK 73044","bucket":"usms","type_detailed":"USMS IGA","adp":4,"male_crim":1,"male_non_crim":3,"female_crim":0,"female_non_crim":0,"male_female":"Female/Male","guaranteed_minimum":null,"inspection_rating":"Pass","inspection_date":"2025-05-13","field_office":"Dallas","aor":"DAL","match_method":"name"}},{"type":"Feature","geometry":{"type":"Point","coordinates":[-99.44857,27.52926]},"properties":{"detloc":"LRDICDF","name":"CoreCivic Laredo Processing Center","address":"4702 East Saunders, Laredo, TX 78041","bucket":"dedicated","type_detailed":"DIGSA","adp":309,"male_crim":1,"male_non_crim":3,"female_crim":14,"female_non_crim":292,"male_female":"Female/Male","guaranteed_minimum":null,"inspection_rating":"Pass","inspection_date":"2026-01-15","field_office":"Harlingen","aor":"HLG","match_method":"name"}},{"type":"Feature","geometry":{"type":"Point","coordinates":[-99.33633,28.0455]},"properties":{"detloc":"LSRDCTX","name":"La Salle County Regional Detention Center","address":"832 East Texas Hwy 44, Encinal, TX 78019","bucket":"usms","type_detailed":"USMS IGA","adp":147,"male_crim":11,"male_non_crim":136,"female_crim":0,"female_non_crim":0,"male_female":"Male","guaranteed_minimum":null,"inspection_rating":null,"inspection_date":"2026-01-08","field_office":"San Antonio","aor":"SNA","match_method":"name"}},{"type":"Feature","geometry":{"type":"Point","coordinates":[-101.79559,33.63258]},"properties":{"detloc":"LUBBOTX","name":"Lubbock County Jail","address":"3502 N Holly Ave, Lubbock, TX 79403","bucket":"usms","type_detailed":"USMS IGA","adp":2,"male_crim":0,"male_non_crim":2,"female_crim":0,"female_non_crim":0,"male_female":"Female/Male","guaranteed_minimum":null,"inspection_rating":"Pass","inspection_date":"2026-03-19","field_office":"Dallas","aor":"DAL","match_method":"name"}},{"type":"Feature","geometry":{"type":"Point","coordinates":[-90.03977,32.59324]},"properties":{"detloc":"MADISMS","name":"Madison Co. Jail, Ms.","address":"2935 Highway 51, Canton, MS 39046","bucket":"usms","type_detailed":"USMS IGA","adp":7,"male_crim":1,"male_non_crim":5,"female_crim":0,"female_non_crim":1,"male_female":"Female/Male","guaranteed_minimum":null,"inspection_rating":"Pass","inspection_date":"Scheduled ","field_office":"New Orleans","aor":"NOL","match_method":"address"}},{"type":"Feature","geometry":{"type":"Point","coordinates":[-80.65506,41.10427]},"properties":{"detloc":"MAHONOH","name":"Mahoning County Justice Center","address":"110 Fifth Avenue, Youngstown, OH 44503","bucket":"usms","type_detailed":"USMS IGA","adp":89,"male_crim":11,"male_non_crim":50,"female_crim":4,"female_non_crim":25,"male_female":"Female/Male","guaranteed_minimum":null,"inspection_rating":"Pass","inspection_date":"Scheduled ","field_office":"Detroit","aor":"DET","match_method":"name"}},{"type":"Feature","geometry":{"type":"Point","coordinates":[-80.24192,27.17239]},"properties":{"detloc":"MARTIFL","name":"Martin County Jail","address":"800 Southeast Monterey Road, Stuart, FL 34994","bucket":"usms","type_detailed":"USMS IGA","adp":7,"male_crim":2,"male_non_crim":3,"female_crim":0,"female_non_crim":2,"male_female":"Female/Male","guaranteed_minimum":68,"inspection_rating":"Pass","inspection_date":"2026-06-04","field_office":"Miami","aor":"MIA","match_method":"name"}},{"type":"Feature","geometry":{"type":"Point","coordinates":[-94.02247,33.40117]},"properties":{"detloc":"MILLRAR","name":"Miller County Jail","address":"2300 East Street, Texarkana, AR 71854","bucket":"usms","type_detailed":"USMS IGA","adp":5,"male_crim":1,"male_non_crim":4,"female_crim":0,"female_non_crim":0,"male_female":"Female/Male","guaranteed_minimum":null,"inspection_rating":"Pass","inspection_date":"Scheduled ","field_office":"New Orleans","aor":"NOL","match_method":"name"}},{"type":"Feature","geometry":{"type":"Point","coordinates":[-113.79119,42.53504]},"properties":{"detloc":"MINICID","name":"Minicassia Det. Center","address":"1415 Albion Avenue, Burley, ID 83318","bucket":"usms","type_detailed":"USMS IGA","adp":4,"male_crim":1,"male_non_crim":2,"female_crim":0,"female_non_crim":0,"male_female":"Female/Male","guaranteed_minimum":null,"inspection_rating":"Fail","inspection_date":"2024-07-25","field_office":"Salt Lake City","aor":"SLC","match_method":"name"}},{"type":"Feature","geometry":{"type":"Point","coordinates":[-96.72992,43.55341]},"properties":{"detloc":"MINNESD","name":"Minnehaha County Jail","address":"305 W 4th St, Sioux Falls, SD 57104","bucket":"usms","type_detailed":"USMS IGA","adp":4,"male_crim":1,"male_non_crim":3,"female_crim":0,"female_non_crim":0,"male_female":"Female/Male","guaranteed_minimum":null,"inspection_rating":"Pass","inspection_date":"2024-12-06","field_office":"St Paul","aor":"SPM","match_method":"name"}},{"type":"Feature","geometry":{"type":"Point","coordinates":[-83.39328,41.89557]},"properties":{"detloc":"MONROMI","name":"Monroe County Detention-Dorm","address":"7000 East Dunbar Road, Monroe, MI 48161","bucket":"county_jail","type_detailed":"IGSA","adp":107,"male_crim":8,"male_non_crim":99,"female_crim":0,"female_non_crim":0,"male_female":"Male","guaranteed_minimum":null,"inspection_rating":"Pass","inspection_date":"2025-03-13","field_office":"Detroit","aor":"DET","match_method":"name"}},{"type":"Feature","geometry":{"type":"Point","coordinates":[-74.33259,42.93366]},"properties":{"detloc":"MONTGNY","name":"Montgomery County Jail","address":"200 Clark Drive, Fultonville, NY 12072","bucket":"usms","type_detailed":"USMS IGA","adp":3,"male_crim":0,"male_non_crim":3,"female_crim":0,"female_non_crim":0,"male_female":"Female/Male","guaranteed_minimum":null,"inspection_rating":null,"inspection_date":"Scheduled ","field_office":"Buffalo","aor":"BUF","match_method":"name"}},{"type":"Feature","geometry":{"type":"Point","coordinates":[145.70736,15.15818]},"properties":{"detloc":"MPSIPAN","name":"CNMI Department of Corrections","address":"Tekken St, Susupe, Saipan, MP 96950","bucket":"usms","type_detailed":"USMS IGA","adp":19,"male_crim":3,"male_non_crim":14,"female_crim":0,"female_non_crim":1,"male_female":"Female/Male","guaranteed_minimum":null,"inspection_rating":"Pass","inspection_date":"2024-03-08","field_office":"San Francisco","aor":"SFR","match_method":"name"}},{"type":"Feature","geometry":{"type":"Point","coordinates":[-78.2417,40.92261]},"properties":{"detloc":"MSVPCPA","name":"Moshannon Valley Processing Center","address":"555 Geo Drive, Philipsburg, PA 16866","bucket":"dedicated","type_detailed":"DIGSA","adp":1611,"male_crim":298,"male_non_crim":1267,"female_crim":15,"female_non_crim":31,"male_female":"Female/Male","guaranteed_minimum":800,"inspection_rating":"Pass","inspection_date":"2025-03-06","field_office":"Philadelphia","aor":"PHI","match_method":"name"}},{"type":"Feature","geometry":{"type":"Point","coordinates":[-95.4427,30.3371]},"properties":{"detloc":"MTGPCTX","name":"Montgomery Processing Center","address":"806 Hilbig Road, Conroe, TX 77301","bucket":"dedicated","type_detailed":"CDF","adp":1217,"male_crim":301,"male_non_crim":629,"female_crim":31,"female_non_crim":257,"male_female":"Male","guaranteed_minimum":750,"inspection_rating":"Pass","inspection_date":"2026-04-30","field_office":"Houston","aor":"HOU","match_method":"alias"}},{"type":"Feature","geometry":{"type":"Point","coordinates":[-91.04452,41.42434]},"properties":{"detloc":"MUSCAIA","name":"Muscatine County Jail","address":"400 Walnut Street, Muscatine, IA 52761","bucket":"usms","type_detailed":"USMS IGA","adp":15,"male_crim":8,"male_non_crim":6,"female_crim":0,"female_non_crim":1,"male_female":"Female/Male","guaranteed_minimum":null,"inspection_rating":null,"inspection_date":"Scheduled ","field_office":"St Paul","aor":"SPM","match_method":"name"}},{"type":"Feature","geometry":{"type":"Point","coordinates":[-73.5527,40.73516]},"properties":{"detloc":"NASSANY","name":"Nassau Co Correc Center","address":"100 Carman Avenue, East Meadow, NY 11554","bucket":"usms","type_detailed":"USMS IGA","adp":9,"male_crim":1,"male_non_crim":8,"female_crim":0,"female_non_crim":0,"male_female":"Female/Male","guaranteed_minimum":null,"inspection_rating":"Pass","inspection_date":"2026-05-05","field_office":"New York City","aor":"NYC","match_method":"name"}},{"type":"Feature","geometry":{"type":"Point","coordinates":[-106.34486,42.86303]},"properties":{"detloc":"NATROWY","name":"Natrona County Detention Center","address":"1100 Bruce Lane, Casper, WY 82601","bucket":"usms","type_detailed":"USMS IGA","adp":8,"male_crim":1,"male_non_crim":7,"female_crim":0,"female_non_crim":0,"male_female":"Female/Male","guaranteed_minimum":null,"inspection_rating":"Pass","inspection_date":"2024-06-12","field_office":"Denver","aor":"DEN","match_method":"name"}},{"type":"Feature","geometry":{"type":"Point","coordinates":[-100.64845,40.22811]},"properties":{"detloc":"NEMCCOI","name":"McCook Detention Center","address":"2309 Us-83 N, Mccook, NE 69001","bucket":"dedicated","type_detailed":"DIGSA","adp":123,"male_crim":52,"male_non_crim":71,"female_crim":0,"female_non_crim":0,"male_female":"Male","guaranteed_minimum":300,"inspection_rating":"Pass","inspection_date":null,"field_office":"St Paul","aor":"SPM","match_method":"name"}},{"type":"Feature","geometry":{"type":"Point","coordinates":[-90.50261,29.99193]},"properties":{"detloc":"NLSCOLA","name":"Nelson Coleman Corrections Center","address":"5061 Highway 3127, Killona, LA 70057","bucket":"usms","type_detailed":"USMS IGA","adp":3,"male_crim":0,"male_non_crim":3,"female_crim":0,"female_non_crim":0,"male_female":"Male","guaranteed_minimum":null,"inspection_rating":"Pass","inspection_date":"2025-04-11","field_office":"New Orleans","aor":"NOL","match_method":"address"}},{"type":"Feature","geometry":{"type":"Point","coordinates":[-85.83879,43.92863]},"properties":{"detloc":"NRLKCMI","name":"North Lake Processing Center","address":"1805 W 32nd Street, Baldwin, MI 49304","bucket":"dedicated","type_detailed":"CDF","adp":1266,"male_crim":137,"male_non_crim":1024,"female_crim":7,"female_non_crim":99,"male_female":"Female/Male","guaranteed_minimum":1800,"inspection_rating":"Pass","inspection_date":"2025-03-04","field_office":"Detroit","aor":"DET","match_method":"alias"}},{"type":"Feature","geometry":{"type":"Point","coordinates":[-115.97703,36.25246]},"properties":{"detloc":"NVSDCNV","name":"Nevada Southern Detention Center","address":"2190 E Mesquite Avenue, Pahrump, NV 89060","bucket":"usms","type_detailed":"USMS CDF","adp":464,"male_crim":168,"male_non_crim":295,"female_crim":0,"female_non_crim":0,"male_female":"Male","guaranteed_minimum":null,"inspection_rating":"Pass","inspection_date":"2025-03-27","field_office":"Salt Lake City","aor":"SLC","match_method":"name"}},{"type":"Feature","geometry":{"type":"Point","coordinates":[-77.89566,34.32703]},"properties":{"detloc":"NWHNVNC","name":"New Hanover Co Det Center","address":"3950 Juvenile Center Rd, Castle Hayne, NC 28429","bucket":"usms","type_detailed":"USMS IGA","adp":5,"male_crim":1,"male_non_crim":4,"female_crim":0,"female_non_crim":0,"male_female":"Female/Male","guaranteed_minimum":null,"inspection_rating":"Pass","inspection_date":"2026-03-05","field_office":"Atlanta","aor":"ATL","match_method":"name"}},{"type":"Feature","geometry":{"type":"Point","coordinates":[-96.62851,47.76885]},"properties":{"detloc":"NWRCCMN","name":"Nw Regional Corrections Center","address":"816 Marin Ave., Suite 110, Crookston, MN 56716","bucket":"usms","type_detailed":"USMS IGA","adp":11,"male_crim":1,"male_non_crim":9,"female_crim":0,"female_non_crim":1,"male_female":"Female/Male","guaranteed_minimum":null,"inspection_rating":"Pass","inspection_date":"2026-05-28","field_office":"St Paul","aor":"SPM","match_method":"address"}},{"type":"Feature","geometry":{"type":"Point","coordinates":[-84.35734,41.45886]},"properties":{"detloc":"OHNORWE","name":"Corrections Center of Northwest Ohio (CCNO)","address":"3151 Co Rd 2425, Stryker, OH 43557","bucket":"usms","type_detailed":"USMS IGA","adp":74,"male_crim":4,"male_non_crim":42,"female_crim":2,"female_non_crim":25,"male_female":"Male","guaranteed_minimum":null,"inspection_rating":null,"inspection_date":"Scheduled ","field_office":"Detroit","aor":"DET","match_method":"alias"}},{"type":"Feature","geometry":{"type":"Point","coordinates":[-96.78172,35.94271]},"properties":{"detloc":"OKCIMMC","name":"Cimarron Correctional Facility","address":"3200 S. Kings Hwy, Cushing, OK 74023","bucket":"usms","type_detailed":"USMS IGA","adp":595,"male_crim":106,"male_non_crim":489,"female_crim":0,"female_non_crim":0,"male_female":"Male","guaranteed_minimum":null,"inspection_rating":"Pass","inspection_date":"2025-01-30","field_office":"Dallas","aor":"DAL","match_method":"name"}},{"type":"Feature","geometry":{"type":"Point","coordinates":[-98.39743,35.88436]},"properties":{"detloc":"OKDBACK","name":"Diamondback Correctional Facility","address":"1000 Diamondback Road, Watonga, OK 73772","bucket":"dedicated","type_detailed":"DIGSA","adp":605,"male_crim":78,"male_non_crim":413,"female_crim":6,"female_non_crim":108,"male_female":"Female/Male","guaranteed_minimum":1200,"inspection_rating":"Pass","inspection_date":"2025-10-15","field_office":"Dallas","aor":"DAL","match_method":"address"}},{"type":"Feature","geometry":{"type":"Point","coordinates":[-85.42368,38.38936]},"properties":{"detloc":"OLDHAKY","name":"Oldham County Detention Center","address":"3405 West Highway 146, La Grange, KY 40031","bucket":"usms","type_detailed":"USMS IGA","adp":135,"male_crim":40,"male_non_crim":95,"female_crim":0,"female_non_crim":0,"male_female":"Female/Male","guaranteed_minimum":null,"inspection_rating":"Pass","inspection_date":"2025-06-26","field_office":"Chicago","aor":"CHI","match_method":"name"}},{"type":"Feature","geometry":{"type":"Point","coordinates":[-81.41685,28.50352]},"properties":{"detloc":"ORANGFL","name":"Orange County Jail","address":"3855 South John Young Parkway, Orlando, FL 32839","bucket":"usms","type_detailed":"USMS IGA","adp":48,"male_crim":8,"male_non_crim":33,"female_crim":1,"female_non_crim":7,"male_female":"Female/Male","guaranteed_minimum":null,"inspection_rating":"Pass","inspection_date":"Scheduled ","field_office":"Miami","aor":"MIA","match_method":"address"}},{"type":"Feature","geometry":{"type":"Point","coordinates":[-74.36063,41.40425]},"properties":{"detloc":"ORANGNY","name":"Orange County Jail","address":"110 Wells Farm Road, Goshen, NY 10924","bucket":"county_jail","type_detailed":"IGSA","adp":154,"male_crim":76,"male_non_crim":77,"female_crim":1,"female_non_crim":0,"male_female":"Male","guaranteed_minimum":null,"inspection_rating":"Pass","inspection_date":"Scheduled ","field_office":"New York City","aor":"NYC","match_method":"address"}},{"type":"Feature","geometry":{"type":"Point","coordinates":[-106.28173,32.08037]},"properties":{"detloc":"OTRPCNM","name":"Otero County Processing Center","address":"26 Mcgregor Range Road, Chaparral, NM 88081","bucket":"dedicated","type_detailed":"DIGSA","adp":831,"male_crim":126,"male_non_crim":567,"female_crim":7,"female_non_crim":131,"male_female":"Female/Male","guaranteed_minimum":650,"inspection_rating":"Pass","inspection_date":"2026-02-26","field_office":"El Paso","aor":"ELP","match_method":"name"}},{"type":"Feature","geometry":{"type":"Point","coordinates":[-92.44894,36.6001]},"properties":{"detloc":"OZARKMO","name":"Ozark County Jail","address":"1818 County Road 806, Gainesville, MO 65655","bucket":"county_jail","type_detailed":"IGSA","adp":22,"male_crim":12,"male_non_crim":11,"female_crim":0,"female_non_crim":0,"male_female":null,"guaranteed_minimum":null,"inspection_rating":"Pass","inspection_date":"2025-09-18","field_office":"Chicago","aor":"CHI","match_method":"address"}},{"type":"Feature","geometry":{"type":"Point","coordinates":[-88.09595,33.2604]},"properties":{"detloc":"PCKNSAL","name":"Pickens County Det Ctr","address":"188 Cemetery St, Carrollton, AL 35447","bucket":"county_jail","type_detailed":"IGSA","adp":41,"male_crim":5,"male_non_crim":32,"female_crim":1,"female_non_crim":4,"male_female":"Female/Male","guaranteed_minimum":null,"inspection_rating":"Pass","inspection_date":"2026-05-21","field_office":"New Orleans","aor":"NOL","match_method":"address"}},{"type":"Feature","geometry":{"type":"Point","coordinates":[-103.22149,44.07876]},"properties":{"detloc":"PENNISD","name":"Pennington County Jail","address":"307 Saint Joseph St, Rapid City, SD 57701","bucket":"usms","type_detailed":"USMS IGA","adp":3,"male_crim":1,"male_non_crim":2,"female_crim":0,"female_non_crim":0,"male_female":"Female/Male","guaranteed_minimum":null,"inspection_rating":"Pass","inspection_date":"Scheduled ","field_office":"St Paul","aor":"SPM","match_method":"name"}},{"type":"Feature","geometry":{"type":"Point","coordinates":[-91.77516,37.94574]},"properties":{"detloc":"PHELPMO","name":"Phelps County Jail","address":"500 W. 2nd Street, Rolla, MO 65401","bucket":"usms","type_detailed":"USMS IGA","adp":11,"male_crim":2,"male_non_crim":8,"female_crim":0,"female_non_crim":2,"male_female":"Female/Male","guaranteed_minimum":null,"inspection_rating":"Pass","inspection_date":"2026-05-07","field_office":"Chicago","aor":"CHI","match_method":"alias"}},{"type":"Feature","geometry":{"type":"Point","coordinates":[-99.37064,40.43955]},"properties":{"detloc":"PHELPNE","name":"Phelps County Jail","address":"715 5th Avenue, Holdrege, NE 68949","bucket":"usms","type_detailed":"USMS IGA","adp":23,"male_crim":12,"male_non_crim":9,"female_crim":1,"female_non_crim":1,"male_female":"Female/Male","guaranteed_minimum":null,"inspection_rating":"Pass","inspection_date":"2025-02-06","field_office":"St Paul","aor":"SPM","match_method":"address"}},{"type":"Feature","geometry":{"type":"Point","coordinates":[-97.33831,26.15506]},"properties":{"detloc":"PIC","name":"Port Isabel Service Processing Center","address":"27991 Buena Vista Blvd., Los Fresnos, TX 78566","bucket":"dedicated","type_detailed":"SPC","adp":1152,"male_crim":164,"male_non_crim":975,"female_crim":1,"female_non_crim":11,"male_female":"Female/Male","guaranteed_minimum":650,"inspection_rating":"Pass","inspection_date":"2026-05-21","field_office":"Harlingen","aor":"HLG","match_method":"name"}},{"type":"Feature","geometry":{"type":"Point","coordinates":[-75.07123,41.38908]},"properties":{"detloc":"PIKCOPA","name":"Pike County Correctional Facility","address":"175 Pike County Blvd, Lords Valley, PA 18428","bucket":"county_jail","type_detailed":"IGSA","adp":248,"male_crim":64,"male_non_crim":184,"female_crim":0,"female_non_crim":0,"male_female":"Male","guaranteed_minimum":285,"inspection_rating":"Pass","inspection_date":"2025-02-27","field_office":"Philadelphia","aor":"PHI","match_method":"name"}},{"type":"Feature","geometry":{"type":"Point","coordinates":[-82.70587,27.90256]},"properties":{"detloc":"PINELFL","name":"Pinellas County Jail","address":"14400 49th Street North, Clearwater, FL 33762","bucket":"usms","type_detailed":"USMS IGA","adp":33,"male_crim":5,"male_non_crim":21,"female_crim":1,"female_non_crim":6,"male_female":"Female/Male","guaranteed_minimum":null,"inspection_rating":"Pass","inspection_date":"Scheduled ","field_office":"Miami","aor":"MIA","match_method":"name"}},{"type":"Feature","geometry":{"type":"Point","coordinates":[-92.42277,30.78909]},"properties":{"detloc":"PINEPLA","name":"Pine Prairie ICE Processing Center","address":"1133 Hampton Dupre Road, Pine Prairie, LA 70576","bucket":"dedicated","type_detailed":"DIGSA","adp":802,"male_crim":176,"male_non_crim":625,"female_crim":0,"female_non_crim":0,"male_female":"Male","guaranteed_minimum":null,"inspection_rating":"Pass","inspection_date":"2026-04-02","field_office":"New Orleans","aor":"NOL","match_method":"name"}},{"type":"Feature","geometry":{"type":"Point","coordinates":[-70.65133,41.93131]},"properties":{"detloc":"PLYMOMA","name":"Plymouth County Correctional Facility","address":"26 Long Pond Road, Plymouth, MA 02360","bucket":"county_jail","type_detailed":"IGSA","adp":489,"male_crim":120,"male_non_crim":369,"female_crim":0,"female_non_crim":0,"male_female":"Male","guaranteed_minimum":null,"inspection_rating":"Pass","inspection_date":"2026-04-23","field_office":"Boston","aor":"BOS","match_method":"name"}},{"type":"Feature","geometry":{"type":"Point","coordinates":[-95.00595,30.69789]},"properties":{"detloc":"POLKCTX","name":"IAH Polk Adult Detention Facility","address":"3400 Fm 350 South, Livingston, TX 77351","bucket":"dedicated","type_detailed":"DIGSA","adp":842,"male_crim":225,"male_non_crim":617,"female_crim":0,"female_non_crim":0,"male_female":"Male","guaranteed_minimum":350,"inspection_rating":"Pass","inspection_date":"2025-12-18","field_office":"Houston","aor":"HOU","match_method":"name"}},{"type":"Feature","geometry":{"type":"Point","coordinates":[-93.5879,41.65363]},"properties":{"detloc":"POLKJIA","name":"Polk County Jail","address":"1985 Ne 51st Place, Des Moines, IA 50313","bucket":"usms","type_detailed":"USMS IGA","adp":52,"male_crim":24,"male_non_crim":24,"female_crim":1,"female_non_crim":3,"male_female":"Female/Male","guaranteed_minimum":null,"inspection_rating":"Fail","inspection_date":"2025-02-06","field_office":"St Paul","aor":"SPM","match_method":"name"}},{"type":"Feature","geometry":{"type":"Point","coordinates":[-95.86506,41.28442]},"properties":{"detloc":"POTTAIA","name":"Pottawattamie County Jail","address":"1400 Big Lake Road, Council Bluffs, IA 51501","bucket":"usms","type_detailed":"USMS IGA","adp":28,"male_crim":16,"male_non_crim":10,"female_crim":1,"female_non_crim":2,"male_female":"Female/Male","guaranteed_minimum":null,"inspection_rating":"Pass","inspection_date":"2024-10-24","field_office":"St Paul","aor":"SPM","match_method":"name"}},{"type":"Feature","geometry":{"type":"Point","coordinates":[-97.19583,32.42141]},"properties":{"detloc":"PRLDCTX","name":"Prairieland Detention Facility","address":"1209 Sunflower Lane, Alvarado, TX 76009","bucket":"dedicated","type_detailed":"DIGSA","adp":877,"male_crim":130,"male_non_crim":628,"female_crim":21,"female_non_crim":98,"male_female":"Female/Male","guaranteed_minimum":525,"inspection_rating":"Pass","inspection_date":"2025-12-18","field_office":"Dallas","aor":"DAL","match_method":"name"}},{"type":"Feature","geometry":{"type":"Point","coordinates":[-85.49796,36.16154]},"properties":{"detloc":"PUTNMTN","name":"Putnam County Sheriff","address":"421 E Spring St., Cookeville, TN 38501","bucket":"usms","type_detailed":"USMS IGA","adp":11,"male_crim":3,"male_non_crim":8,"female_crim":0,"female_non_crim":0,"male_female":null,"guaranteed_minimum":null,"inspection_rating":null,"inspection_date":"Scheduled ","field_office":"New Orleans","aor":"NOL","match_method":"name"}},{"type":"Feature","geometry":{"type":"Point","coordinates":[-84.30836,33.43418]},"properties":{"detloc":"RADDFGA","name":"Robert A Deyton Detention Fac","address":"11866 Hastings Bridge Rd, Lovejoy, GA 30250","bucket":"usms","type_detailed":"USMS IGA","adp":27,"male_crim":10,"male_non_crim":17,"female_crim":0,"female_non_crim":0,"male_female":"Male","guaranteed_minimum":null,"inspection_rating":"Pass","inspection_date":"2026-01-29","field_office":"Atlanta","aor":"ATL","match_method":"alias"}},{"type":"Feature","geometry":{"type":"Point","coordinates":[-99.49008,27.37772]},"properties":{"detloc":"RGRNDTX","name":"Rio Grande Processing Center","address":"1001 San Rio Blvd, Laredo, TX 78046","bucket":"usms","type_detailed":"USMS CDF","adp":599,"male_crim":36,"male_non_crim":563,"female_crim":0,"female_non_crim":0,"male_female":"Male","guaranteed_minimum":275,"inspection_rating":"Pass","inspection_date":"2025-01-09","field_office":"Harlingen","aor":"HLG","match_method":"name"}},{"type":"Feature","geometry":{"type":"Point","coordinates":[-101.86706,35.11764]},"properties":{"detloc":"RNDLLTX","name":"Randall County Jail","address":"9100 South Georgia Street, Amarillo, TX 79118","bucket":"usms","type_detailed":"USMS IGA","adp":1,"male_crim":0,"male_non_crim":1,"female_crim":0,"female_non_crim":0,"male_female":"Female/Male","guaranteed_minimum":null,"inspection_rating":"Pass","inspection_date":"2025-08-27","field_office":"Dallas","aor":"DAL","match_method":"name"}},{"type":"Feature","geometry":{"type":"Point","coordinates":[-78.87078,38.4493]},"properties":{"detloc":"ROCKIVA","name":"Rockingham County Jail","address":"25 South Liberty Street, Harrisonburg, VA 22801","bucket":"usms","type_detailed":"USMS IGA","adp":1,"male_crim":0,"male_non_crim":1,"female_crim":0,"female_non_crim":0,"male_female":"Female/Male","guaranteed_minimum":null,"inspection_rating":"Pass","inspection_date":"2025-02-25","field_office":"Washington","aor":"WAS","match_method":"name"}},{"type":"Feature","geometry":{"type":"Point","coordinates":[-77.34101,37.3071]},"properties":{"detloc":"RSREGVA","name":"Riverside Reg Jail","address":"500 Folar Trail, North Prince George, VA 23860","bucket":"usms","type_detailed":"USMS IGA","adp":51,"male_crim":8,"male_non_crim":39,"female_crim":1,"female_non_crim":2,"male_female":"Female/Male","guaranteed_minimum":null,"inspection_rating":"Pass","inspection_date":"2025-10-15","field_office":"Washington","aor":"WAS","match_method":"name"}},{"type":"Feature","geometry":{"type":"Point","coordinates":[-91.55823,31.59715]},"properties":{"detloc":"RVRCCLA","name":"River Correctional Center","address":"26362 Highway 15, Ferriday, LA 71334","bucket":"dedicated","type_detailed":"DIGSA","adp":517,"male_crim":36,"male_non_crim":481,"female_crim":0,"female_non_crim":0,"male_female":"Male","guaranteed_minimum":361,"inspection_rating":"Pass","inspection_date":"Scheduled ","field_office":"New Orleans","aor":"NOL","match_method":"name"}},{"type":"Feature","geometry":{"type":"Point","coordinates":[-92.07882,32.45663]},"properties":{"detloc":"RWCCMLA","name":"Richwood Correctional Center","address":"180 Pine Bayou Circle, Monroe, LA 71202","bucket":"dedicated","type_detailed":"DIGSA","adp":939,"male_crim":54,"male_non_crim":269,"female_crim":31,"female_non_crim":584,"male_female":"Female/Male","guaranteed_minimum":677,"inspection_rating":"Pass","inspection_date":"Scheduled ","field_office":"New Orleans","aor":"NOL","match_method":"name"}},{"type":"Feature","geometry":{"type":"Point","coordinates":[-96.04168,41.14082]},"properties":{"detloc":"SARPYNE","name":"Sarpy County Department of Corrections","address":"1206 Golden Gate Drive, Papillion, NE 68046","bucket":"usms","type_detailed":"USMS IGA","adp":20,"male_crim":11,"male_non_crim":8,"female_crim":0,"female_non_crim":1,"male_female":"Female/Male","guaranteed_minimum":null,"inspection_rating":"Pending Final Report","inspection_date":"2026-06-25","field_office":"St Paul","aor":"SPM","match_method":"name"}},{"type":"Feature","geometry":{"type":"Point","coordinates":[-89.76727,43.46157]},"properties":{"detloc":"SAUKCWI","name":"Sauk County Sheriff","address":"1300 Lange Ct., Baraboo, WI 53913","bucket":"usms","type_detailed":"USMS IGA","adp":11,"male_crim":5,"male_non_crim":7,"female_crim":0,"female_non_crim":0,"male_female":"Female/Male","guaranteed_minimum":null,"inspection_rating":"Pass","inspection_date":"2026-05-07","field_office":"Chicago","aor":"CHI","match_method":"name"}},{"type":"Feature","geometry":{"type":"Point","coordinates":[-90.57924,41.52387]},"properties":{"detloc":"SCOTTIA","name":"Scott County Jail","address":"400 W 4th St, Davenport, IA 52801","bucket":"usms","type_detailed":"USMS IGA","adp":1,"male_crim":1,"male_non_crim":0,"female_crim":0,"female_non_crim":0,"male_female":"Female/Male","guaranteed_minimum":null,"inspection_rating":null,"inspection_date":"Scheduled ","field_office":"St Paul","aor":"CHI","match_method":"name"}},{"type":"Feature","geometry":{"type":"Point","coordinates":[-94.42505,35.38251]},"properties":{"detloc":"SEBASAR","name":"Sebastian County Det Cnt","address":"801 South A Street, Fort Smith, AR 72901","bucket":"usms","type_detailed":"USMS IGA","adp":2,"male_crim":0,"male_non_crim":1,"female_crim":0,"female_non_crim":0,"male_female":"Female/Male","guaranteed_minimum":null,"inspection_rating":"Pass","inspection_date":"Scheduled ","field_office":"New Orleans","aor":"NOL","match_method":"name"}},{"type":"Feature","geometry":{"type":"Point","coordinates":[-83.15366,41.07935]},"properties":{"detloc":"SENECOH","name":"Seneca County Jail","address":"3040 South State Route 100, Tiffin, OH 44883","bucket":"county_jail","type_detailed":"IGSA","adp":59,"male_crim":10,"male_non_crim":43,"female_crim":0,"female_non_crim":5,"male_female":"Female/Male","guaranteed_minimum":null,"inspection_rating":"Pass","inspection_date":"2024-10-31","field_office":"Detroit","aor":"DET","match_method":"name"}},{"type":"Feature","geometry":{"type":"Point","coordinates":[-93.61928,45.30451]},"properties":{"detloc":"SHERBMN","name":"Sherburne County Jail Services","address":"13880 Business Center Drive Nw, Elk River, MN 55330","bucket":"usms","type_detailed":"USMS IGA","adp":108,"male_crim":34,"male_non_crim":67,"female_crim":3,"female_non_crim":4,"male_female":"Male","guaranteed_minimum":null,"inspection_rating":"Pending Final Report","inspection_date":"2026-06-26","field_office":"St Paul","aor":"SPM","match_method":"name"}},{"type":"Feature","geometry":{"type":"Point","coordinates":[-96.07743,43.01883]},"properties":{"detloc":"SIOUXIA","name":"Sioux County Jail","address":"4363 Ironwood Avenue, Orange City, IA 51041","bucket":"usms","type_detailed":"USMS IGA","adp":11,"male_crim":5,"male_non_crim":6,"female_crim":0,"female_non_crim":0,"male_female":"Female/Male","guaranteed_minimum":null,"inspection_rating":null,"inspection_date":"Scheduled ","field_office":"St Paul","aor":"SPM","match_method":"name"}},{"type":"Feature","geometry":{"type":"Point","coordinates":[-66.11456,18.42355]},"properties":{"detloc":"SJS","name":"San Juan Staging","address":"651 Federal Drive, Suite 104, Guaynabo, PR 00965","bucket":"dedicated","type_detailed":"STAGING","adp":15,"male_crim":2,"male_non_crim":12,"female_crim":0,"female_non_crim":1,"male_female":"Female/Male","guaranteed_minimum":100,"inspection_rating":null,"inspection_date":null,"field_office":"Miami","aor":"MIA","match_method":"name"}},{"type":"Feature","geometry":{"type":"Point","coordinates":[-114.68464,32.48467]},"properties":{"detloc":"SLRDCAZ","name":"San Luis Regional Detention Center","address":"406 North Avenue D, San Luis, AZ 85349","bucket":"county_jail","type_detailed":"IGSA","adp":266,"male_crim":46,"male_non_crim":177,"female_crim":1,"female_non_crim":43,"male_female":"Female/Male","guaranteed_minimum":100,"inspection_rating":"Pass","inspection_date":"2024-04-25","field_office":"Phoenix","aor":"SND","match_method":"name"}},{"type":"Feature","geometry":{"type":"Point","coordinates":[-111.91553,40.69691]},"properties":{"detloc":"SLSLCUT","name":"Salt Lake County Jail","address":"3415 South 900 West, Salt Lake City, UT 84119","bucket":"usms","type_detailed":"USMS IGA","adp":2,"male_crim":0,"male_non_crim":2,"female_crim":0,"female_non_crim":0,"male_female":"Female/Male","guaranteed_minimum":null,"inspection_rating":"Pass","inspection_date":"Scheduled ","field_office":"Salt Lake City","aor":"SLC","match_method":"name"}},{"type":"Feature","geometry":{"type":"Point","coordinates":[-99.12127,28.89486]},"properties":{"detloc":"STCDFTX","name":"South Texas ICE Processing Center","address":"566 Veterans Drive, Pearsall, TX 78061","bucket":"dedicated","type_detailed":"CDF","adp":1703,"male_crim":414,"male_non_crim":1144,"female_crim":42,"female_non_crim":103,"male_female":"Female/Male","guaranteed_minimum":1350,"inspection_rating":"Pass","inspection_date":"2026-02-12","field_office":"San Antonio","aor":"SNA","match_method":"name"}},{"type":"Feature","geometry":{"type":"Point","coordinates":[-82.47944,42.94231]},"properties":{"detloc":"STCLAMI","name":"St. Clair County Jail","address":"1170 Michigan Road, Port Huron, MI 48060","bucket":"county_jail","type_detailed":"IGSA","adp":48,"male_crim":7,"male_non_crim":41,"female_crim":0,"female_non_crim":0,"male_female":"Male","guaranteed_minimum":null,"inspection_rating":"Pass","inspection_date":"2026-04-09","field_office":"Detroit","aor":"DET","match_method":"name"}},{"type":"Feature","geometry":{"type":"Point","coordinates":[-90.05559,37.96605]},"properties":{"detloc":"STGENMO","name":"Ste. Genevieve County Detention Center","address":"5 Basler Drive, Sainte Genevieve, MO 63670","bucket":"usms","type_detailed":"USMS IGA","adp":133,"male_crim":18,"male_non_crim":98,"female_crim":1,"female_non_crim":16,"male_female":"Female/Male","guaranteed_minimum":null,"inspection_rating":"Pass","inspection_date":"2026-07-09","field_office":"Chicago","aor":"CHI","match_method":"alias"}},{"type":"Feature","geometry":{"type":"Point","coordinates":[-80.40944,27.45347]},"properties":{"detloc":"STLUCFL","name":"St. Lucie County Jail","address":"900 N. Rock Rd, Fort Pierce, FL 34945","bucket":"county_jail","type_detailed":"IGSA","adp":3,"male_crim":1,"male_non_crim":2,"female_crim":0,"female_non_crim":0,"male_female":null,"guaranteed_minimum":null,"inspection_rating":null,"inspection_date":null,"field_office":"Miami","aor":"MIA","match_method":"name"}},{"type":"Feature","geometry":{"type":"Point","coordinates":[-70.94014,43.21783]},"properties":{"detloc":"STRAFNH","name":"Strafford County Corrections","address":"266 County Farm Road, Dover, NH 03820","bucket":"county_jail","type_detailed":"IGSA","adp":140,"male_crim":35,"male_non_crim":88,"female_crim":2,"female_non_crim":16,"male_female":"Female/Male","guaranteed_minimum":null,"inspection_rating":"Pass","inspection_date":"2025-03-27","field_office":"Boston","aor":"BOS","match_method":"name"}},{"type":"Feature","geometry":{"type":"Point","coordinates":[-84.7715,32.03561]},"properties":{"detloc":"STWRTGA","name":"Stewart Detention Center","address":"146 Cca Road, Lumpkin, GA 31815","bucket":"dedicated","type_detailed":"DIGSA","adp":2010,"male_crim":505,"male_non_crim":1174,"female_crim":55,"female_non_crim":276,"male_female":"Female/Male","guaranteed_minimum":1600,"inspection_rating":"Pass","inspection_date":"Scheduled ","field_office":"Atlanta","aor":"ATL","match_method":"name"}},{"type":"Feature","geometry":{"type":"Point","coordinates":[-109.30027,41.53704]},"properties":{"detloc":"SWEETWY","name":"Sweetwater County Detention Center","address":"50140 Us Highway 191 South, Rock Springs, WY 82901","bucket":"usms","type_detailed":"USMS IGA","adp":10,"male_crim":4,"male_non_crim":6,"female_crim":0,"female_non_crim":0,"male_female":"Female/Male","guaranteed_minimum":null,"inspection_rating":"Pass","inspection_date":"2025-05-08","field_office":"Denver","aor":"DEN","match_method":"name"}},{"type":"Feature","geometry":{"type":"Point","coordinates":[-99.20043,28.65783]},"properties":{"detloc":"TASTDTX","name":"Dilley Immigration Processing Center","address":"300 El Rancho Way, Dilley, TX 78017","bucket":"dedicated","type_detailed":"FAMILY","adp":426,"male_crim":1,"male_non_crim":161,"female_crim":2,"female_non_crim":262,"male_female":"Female/Male","guaranteed_minimum":2000,"inspection_rating":"Pass","inspection_date":"2026-04-09","field_office":"San Antonio","aor":"SNA","match_method":"name"}},{"type":"Feature","geometry":{"type":"Point","coordinates":[-80.31142,25.8103]},"properties":{"detloc":"TGKJLFL","name":"Turner Guiford Knight (Tgk) Jail","address":"7000 Nw 41st St., Miami, FL 33166","bucket":"county_jail","type_detailed":"IGSA","adp":11,"male_crim":2,"male_non_crim":7,"female_crim":0,"female_non_crim":1,"male_female":"Female/Male","guaranteed_minimum":null,"inspection_rating":null,"inspection_date":null,"field_office":"Miami","aor":"MIA","match_method":"name"}},{"type":"Feature","geometry":{"type":"Point","coordinates":[-89.54861,35.40743]},"properties":{"detloc":"TNWESDF","name":"West Tennessee Detention Facility","address":"6299 Finde Naifeh Drive, Mason, TN 38049","bucket":"dedicated","type_detailed":"DIGSA","adp":364,"male_crim":42,"male_non_crim":302,"female_crim":1,"female_non_crim":20,"male_female":"Female/Male","guaranteed_minimum":450,"inspection_rating":"Pass","inspection_date":"2026-03-12","field_office":"New Orleans","aor":"NOL","match_method":"name"}},{"type":"Feature","geometry":{"type":"Point","coordinates":[-112.3325,40.49319]},"properties":{"detloc":"TOOELUT","name":"Tooele County Jail","address":"1960 S Main St, Tooele, UT 84074","bucket":"usms","type_detailed":"USMS IGA","adp":9,"male_crim":2,"male_non_crim":7,"female_crim":0,"female_non_crim":1,"male_female":"Female/Male","guaranteed_minimum":null,"inspection_rating":null,"inspection_date":"Scheduled ","field_office":"Salt Lake City","aor":"SLC","match_method":"name"}},{"type":"Feature","geometry":{"type":"Point","coordinates":[-106.01845,34.76768]},"properties":{"detloc":"TOORANM","name":"Torrance County Detention Facility","address":"209 County Road A049, Estancia, NM 87016","bucket":"county_jail","type_detailed":"IGSA","adp":351,"male_crim":38,"male_non_crim":313,"female_crim":0,"female_non_crim":0,"male_female":"Male","guaranteed_minimum":505,"inspection_rating":"Pass","inspection_date":"2024-10-24","field_office":"El Paso","aor":"ELP","match_method":"name"}},{"type":"Feature","geometry":{"type":"Point","coordinates":[-95.99931,36.15724]},"properties":{"detloc":"TULCOOK","name":"Tulsa County Jail","address":"300 North Denver Avenue, Tulsa, OK 74103","bucket":"county_jail","type_detailed":"IGSA","adp":28,"male_crim":4,"male_non_crim":21,"female_crim":0,"female_non_crim":3,"male_female":"Female/Male","guaranteed_minimum":null,"inspection_rating":"Pass","inspection_date":"2024-09-19","field_office":"Dallas","aor":"DAL","match_method":"name"}},{"type":"Feature","geometry":{"type":"Point","coordinates":[-110.92137,41.26931]},"properties":{"detloc":"UINTAWY","name":"Uinta County Detention Center","address":"77 County Road #109, Evanston, WY 82930","bucket":"usms","type_detailed":"USMS IGA","adp":30,"male_crim":7,"male_non_crim":20,"female_crim":1,"female_non_crim":2,"male_female":"Female/Male","guaranteed_minimum":null,"inspection_rating":"Pass","inspection_date":"2025-06-23","field_office":"Denver","aor":"SLC","match_method":"name"}},{"type":"Feature","geometry":{"type":"Point","coordinates":[-100.84785,29.37316]},"properties":{"detloc":"VALVETX","name":"Val Verde Detention Center","address":"253 Farm To Market 2523, Del Rio, TX 78840","bucket":"usms","type_detailed":"USMS IGA","adp":4,"male_crim":3,"male_non_crim":1,"female_crim":1,"female_non_crim":0,"male_female":"Female/Male","guaranteed_minimum":null,"inspection_rating":"Pass","inspection_date":"Scheduled ","field_office":"San Antonio","aor":"SNA","match_method":"name"}},{"type":"Feature","geometry":{"type":"Point","coordinates":[-97.00833,28.80027]},"properties":{"detloc":"VICTOTX","name":"Victoria County Jail","address":"101 North Glass Street, Victoria, TX 77901","bucket":"usms","type_detailed":"USMS IGA","adp":5,"male_crim":0,"male_non_crim":5,"female_crim":0,"female_non_crim":0,"male_female":"Female/Male","guaranteed_minimum":null,"inspection_rating":"Pass","inspection_date":"2025-04-18","field_office":"Houston","aor":"HOU","match_method":"name"}},{"type":"Feature","geometry":{"type":"Point","coordinates":[-73.13328,44.85045]},"properties":{"detloc":"VTSTALB","name":"Northwest State Correctional Ctr.","address":"3649 Lower Newton Road, Swanton, VT 05488","bucket":"usms","type_detailed":"USMS IGA","adp":10,"male_crim":1,"male_non_crim":10,"female_crim":0,"female_non_crim":0,"male_female":"Female/Male","guaranteed_minimum":null,"inspection_rating":"Pass","inspection_date":"2025-07-31","field_office":"Boston","aor":"BOS","match_method":"name"}},{"type":"Feature","geometry":{"type":"Point","coordinates":[-101.28734,48.23366]},"properties":{"detloc":"WARDCND","name":"Ward County Jail","address":"204 Front St, Minot, ND 58702","bucket":"usms","type_detailed":"USMS IGA","adp":3,"male_crim":0,"male_non_crim":2,"female_crim":0,"female_non_crim":0,"male_female":"Female/Male","guaranteed_minimum":null,"inspection_rating":"Pass","inspection_date":"2026-03-19","field_office":"St Paul","aor":"SPM","match_method":"name"}},{"type":"Feature","geometry":{"type":"Point","coordinates":[-113.41222,37.15839]},"properties":{"detloc":"WASHCUT","name":"Washington County Jail","address":"750 South 5300 West, Hurricane, UT 84737","bucket":"usms","type_detailed":"USMS IGA","adp":13,"male_crim":3,"male_non_crim":10,"female_crim":0,"female_non_crim":0,"male_female":"Female/Male","guaranteed_minimum":null,"inspection_rating":"Pass","inspection_date":"Scheduled ","field_office":"Salt Lake City","aor":"SLC","match_method":"address"}},{"type":"Feature","geometry":{"type":"Point","coordinates":[-94.17747,36.03354]},"properties":{"detloc":"WASHIAR","name":"Washington County Jail","address":"1155 West Clydesdale Drive, Fayetteville, AR 72701","bucket":"usms","type_detailed":"USMS IGA","adp":5,"male_crim":1,"male_non_crim":4,"female_crim":0,"female_non_crim":0,"male_female":"Female/Male","guaranteed_minimum":null,"inspection_rating":"Pass","inspection_date":"Scheduled ","field_office":"New Orleans","aor":"NOL","match_method":"name"}},{"type":"Feature","geometry":{"type":"Point","coordinates":[-119.81101,39.57384]},"properties":{"detloc":"WASHONV","name":"Washoe County Jail","address":"911 E Parr Blvd, Reno, NV 89512","bucket":"usms","type_detailed":"USMS IGA","adp":48,"male_crim":17,"male_non_crim":28,"female_crim":0,"female_non_crim":3,"male_female":"Female/Male","guaranteed_minimum":null,"inspection_rating":"Pass","inspection_date":"2024-11-07","field_office":"Salt Lake City","aor":"SLC","match_method":"name"}},{"type":"Feature","geometry":{"type":"Point","coordinates":[-88.22965,43.02224]},"properties":{"detloc":"WAUKEWI","name":"Waukesha County Jail","address":"515 W Moreland Blvd, Waukesha, WI 53188","bucket":"usms","type_detailed":"USMS IGA","adp":2,"male_crim":0,"male_non_crim":1,"female_crim":0,"female_non_crim":1,"male_female":"Female/Male","guaranteed_minimum":null,"inspection_rating":"Pass","inspection_date":"2025-07-10","field_office":"Chicago","aor":"CHI","match_method":"name"}},{"type":"Feature","geometry":{"type":"Point","coordinates":[-80.1509,26.27718]},"properties":{"detloc":"WCCPBFL","name":"Broward Transitional Center","address":"3900 N. Powerline Road, Pompano Beach, FL 33073","bucket":"dedicated","type_detailed":"CDF","adp":680,"male_crim":51,"male_non_crim":525,"female_crim":7,"female_non_crim":97,"male_female":"Female/Male","guaranteed_minimum":700,"inspection_rating":"Pass","inspection_date":"Scheduled ","field_office":"Miami","aor":"MIA","match_method":"name"}},{"type":"Feature","geometry":{"type":"Point","coordinates":[-99.49028,27.36982]},"properties":{"detloc":"WEBDCTX","name":"CoreCivic Webb County Detention Center","address":"9998 S. Highway 83, Laredo, TX 78046","bucket":"dedicated","type_detailed":"DIGSA","adp":378,"male_crim":41,"male_non_crim":333,"female_crim":1,"female_non_crim":3,"male_female":"Female/Male","guaranteed_minimum":250,"inspection_rating":"Pass","inspection_date":"2026-02-05","field_office":"Harlingen","aor":"HLG","match_method":"name"}},{"type":"Feature","geometry":{"type":"Point","coordinates":[-111.99351,41.24036]},"properties":{"detloc":"WEBERUT","name":"Weber County Jail","address":"1400 Depot Dr, Ogden, UT 84404","bucket":"usms","type_detailed":"USMS IGA","adp":8,"male_crim":2,"male_non_crim":6,"female_crim":0,"female_non_crim":0,"male_female":"Female/Male","guaranteed_minimum":null,"inspection_rating":null,"inspection_date":null,"field_office":"Salt Lake City","aor":"SLC","match_method":"name"}},{"type":"Feature","geometry":{"type":"Point","coordinates":[-86.10399,30.78346]},"properties":{"detloc":"WLTSOFL","name":"Walton County Jail","address":"40 Sheriff Cir, Defuniak Springs, FL 32433","bucket":"usms","type_detailed":"USMS IGA","adp":28,"male_crim":5,"male_non_crim":23,"female_crim":0,"female_non_crim":0,"male_female":"Female/Male","guaranteed_minimum":null,"inspection_rating":null,"inspection_date":"Scheduled ","field_office":"Miami","aor":"MIA","match_method":"name"}},{"type":"Feature","geometry":{"type":"Point","coordinates":[-96.35358,42.52062]},"properties":{"detloc":"WOODBIA","name":"Woodbury County Jail","address":"3701 28th St, Sioux City, IA 51105","bucket":"usms","type_detailed":"USMS IGA","adp":64,"male_crim":25,"male_non_crim":32,"female_crim":2,"female_non_crim":5,"male_female":"Female/Male","guaranteed_minimum":null,"inspection_rating":"Pass","inspection_date":"2025-06-26","field_office":"St Paul","aor":"SPM","match_method":"name"}},{"type":"Feature","geometry":{"type":"Point","coordinates":[-71.38401,41.89234]},"properties":{"detloc":"WYATTRI","name":"Wyatt Detention Facility","address":"950 High Street, Central Falls, RI 02863","bucket":"usms","type_detailed":"USMS IGA","adp":108,"male_crim":30,"male_non_crim":77,"female_crim":0,"female_non_crim":1,"male_female":"Female/Male","guaranteed_minimum":null,"inspection_rating":"Pass","inspection_date":"2026-05-07","field_office":"Boston","aor":"BOS","match_method":"name"}},{"type":"Feature","geometry":{"type":"Point","coordinates":[-94.89247,39.27313]},"properties":{"detloc":"XXMRRCK","name":"Midwest Regional Reception Center","address":"100 Highway Terrace, Leavenworth, KS 66048","bucket":"dedicated","type_detailed":"CDF","adp":89,"male_crim":22,"male_non_crim":49,"female_crim":2,"female_non_crim":17,"male_female":"Female/Male","guaranteed_minimum":1002,"inspection_rating":null,"inspection_date":"Scheduled ","field_office":"Chicago","aor":"CHI","match_method":"name"}}]}